state,houseDist,house_cand_dem,dem_house_percent,sen_cand_dem,dem_house_avgIdeal,dem_sen_avgIdeal,house_cand_rep,rep_cand_percent,sen_cand_rep,rep_house_avgIdeal,rep_sen_avgIdeal,dem_sen_inc,rep_sen_inc,dem_house_inc,rep_house_inc,dem_sen_percent,rep_sen_percent,Cand_Office_St,Total_Receipt_Republican,Total_Receipt_Democrat,Total_Disbursement_Republican,Total_Disbursement_Democrat,Coverage_Start_Date_Republican,Coverage_Start_Date_Democrat,Coverage_End_Date_Republican,Coverage_End_Date_Democrat,Individual_Itemized_Contribution_Republican,Individual_Itemized_Contribution_Democrat,Individual_Unitemized_Contribution_Republican,Individual_Unitemized_Contribution_Democrat,Individual_Contribution_Republican,Individual_Contribution_Democrat,Total_Contribution_Republican,Total_Contribution_Democrat,Other_Receipts_Republican,Other_Receipts_Democrat,sen_cand_rep_gender,sen_cand_dem_gender,house_cand_rep_gender,house_cand_dem_gender,senState
Oklahoma,OK-01,Kojo Asamoa-Caesar,0.3390878361,Abby Broyles,-1.33,-0.77,Kevin Hern,0.6609121639,Jim Inhofe,1.36,0.91,Challenger,Incumbent,0,1,0.39290933172487985,0.6070906682751201,OK,4670324.27,2089401.41,4973446.46,2062803.89,01/01/2019,10/01/2019,12/31/2020,12/31/2020,2330342.7,1231016.71,393329.82,770835.44,2723672.52,2001852.15,4358322.52,2084852.15,158051.47,171.76,M,F,M,M,OK-Sen02
Oklahoma,OK-02,Danyell Lanier,0.2266994782,Abby Broyles,-0.93,-0.77,Markwayne Mullin,0.7733005218,Jim Inhofe,1.34,0.91,Challenger,Incumbent,0,1,0.25014625690657616,0.7498537430934239,OK,4670324.27,2089401.41,4973446.46,2062803.89,01/01/2019,10/01/2019,12/31/2020,12/31/2020,2330342.7,1231016.71,393329.82,770835.44,2723672.52,2001852.15,4358322.52,2084852.15,158051.47,171.76,M,F,M,F,OK-Sen02
Oklahoma,OK-03,Zoe Ann Midyett,0.2150896894,Abby Broyles,-0.52,-0.77,Frank Lucas,0.7849103106,Jim Inhofe,0.76,0.91,Challenger,Incumbent,0,1,0.25180616265727157,0.7481938373427284,OK,4670324.27,2089401.41,4973446.46,2062803.89,01/01/2019,10/01/2019,12/31/2020,12/31/2020,2330342.7,1231016.71,393329.82,770835.44,2723672.52,2001852.15,4358322.52,2084852.15,158051.47,171.76,M,F,M,F,OK-Sen02
Oklahoma,OK-04,Mary Brannon,0.2979987152,Abby Broyles,-0.39,-0.77,Tom Cole,0.7020012848,Jim Inhofe,0.97,0.91,Challenger,Incumbent,0,1,0.4059429272223264,0.5940570727776736,OK,4670324.27,2089401.41,4973446.46,2062803.89,01/01/2019,10/01/2019,12/31/2020,12/31/2020,2330342.7,1231016.71,393329.82,770835.44,2723672.52,2001852.15,4358322.52,2084852.15,158051.47,171.76,M,F,M,F,OK-Sen02
Oklahoma,OK-05,Kendra Horn,0.4793762691,Abby Broyles,-0.34,-0.77,Stephanie Bice,0.5206237309,Jim Inhofe,1.02,0.91,Challenger,Incumbent,1,0,0.478358053900443,0.5216419460995569,OK,4670324.27,2089401.41,4973446.46,2062803.89,01/01/2019,10/01/2019,12/31/2020,12/31/2020,2330342.7,1231016.71,393329.82,770835.44,2723672.52,2001852.15,4358322.52,2084852.15,158051.47,171.76,M,F,F,F,OK-Sen02
Alaska,AK-00,Alyse Galvin,0.4541595877,Al Gross,-0.61,-0.82,Don Young,0.5458404123,Dan Sullivan,0.83,0.66,Challenger,Incumbent,0,1,0.43320481641853015,0.5667951835814699,AK,8978098.94,19572461.76,9372898.58,19545630.9,01/01/2019,02/13/2019,12/31/2020,12/31/2020,5381235.88,11360792.16,867949.74,6771953.63,6249185.62,18132745.79,8198652.59,19224278.92,16865.95,95160.97,M,M,M,F,AK-Sen02
Kentucky,KY-01,James Rhodes,0.2500441494,Amy McGrath,-0.78,-0.63,James Comer,0.7499558506,Mitch McConnell,1.34,0.5,Challenger,Incumbent,0,1,0.2980020190520519,0.7019979809479481,KY,68094902.86,96331682.31,64878657.61,92942100.01,01/01/2019,01/01/2019,12/31/2020,12/31/2020,32082571.29,38494247.22,27785580.96,55511589.62,59868152.25,94005836.84,63474756.83,94399083.89,2472.15,52164,M,F,M,M,KY-Sen02
Kentucky,KY-02,Hank Linderman,0.2701118259,Amy McGrath,-0.94,-0.63,Brett Guthrie,0.7298881741,Mitch McConnell,0.89,0.5,Challenger,Incumbent,0,1,0.347475207302105,0.652524792697895,KY,68094902.86,96331682.31,64878657.61,92942100.01,01/01/2019,01/01/2019,12/31/2020,12/31/2020,32082571.29,38494247.22,27785580.96,55511589.62,59868152.25,94005836.84,63474756.83,94399083.89,2472.15,52164,M,F,M,M,KY-Sen02
Kentucky,KY-03,John Yarmuth,0.6266402898,Amy McGrath,-0.99,-0.63,Rhonda Palazzo,0.3733597102,Mitch McConnell,1.11,0.5,Challenger,Incumbent,1,0,0.6227464593168565,0.3772535406831436,KY,68094902.86,96331682.31,64878657.61,92942100.01,01/01/2019,01/01/2019,12/31/2020,12/31/2020,32082571.29,38494247.22,27785580.96,55511589.62,59868152.25,94005836.84,63474756.83,94399083.89,2472.15,52164,M,F,F,M,KY-Sen02
Kentucky,KY-04,Alexandra Owensby,0.3291178624,Amy McGrath,-0.9,-0.63,Thomas Massie,0.6708821376,Mitch McConnell,1.75,0.5,Challenger,Incumbent,0,1,0.373412040593539,0.626587959406461,KY,68094902.86,96331682.31,64878657.61,92942100.01,01/01/2019,01/01/2019,12/31/2020,12/31/2020,32082571.29,38494247.22,27785580.96,55511589.62,59868152.25,94005836.84,63474756.83,94399083.89,2472.15,52164,M,F,M,F,KY-Sen02
Kentucky,KY-05,Matthew Ryan Best,0.1578784692,Amy McGrath,-1.13,-0.63,Hal Rogers,0.8421215308,Mitch McConnell,0.85,0.5,Challenger,Incumbent,0,1,0.22827084927314464,0.7717291507268554,KY,68094902.86,96331682.31,64878657.61,92942100.01,01/01/2019,01/01/2019,12/31/2020,12/31/2020,32082571.29,38494247.22,27785580.96,55511589.62,59868152.25,94005836.84,63474756.83,94399083.89,2472.15,52164,M,F,M,M,KY-Sen02
Kentucky,KY-06,Josh Hicks,0.4167061038,Amy McGrath,-0.51,-0.63,Andy Barr,0.5832938962,Mitch McConnell,0.93,0.5,Challenger,Incumbent,0,1,0.4714200096876685,0.5285799903123315,KY,68094902.86,96331682.31,64878657.61,92942100.01,01/01/2019,01/01/2019,12/31/2020,12/31/2020,32082571.29,38494247.22,27785580.96,55511589.62,59868152.25,94005836.84,63474756.83,94399083.89,2472.15,52164,M,F,M,M,KY-Sen02
Kansas,KS-01,Kali Barnett,0.2884027858,Barbara Bollier,-0.72,-0.58,Tracey Mann,0.7115972142,Roger Marshall,1.14,1.27,Challenger,Challenger,0,0,0.3085129344660795,0.6914870655339205,KS,6772872.34,29004665,7171199.34,28841685.03,01/01/2019,10/01/2019,12/31/2020,12/31/2020,3910737.88,15708977.12,576504.22,11314030.67,4487242.1,27023007.79,6568262.1,27658210.08,15041.1,284483.36,M,F,M,F,KS-Sen02
Kansas,KS-02,Michelle De La Isla,0.4242286892,Barbara Bollier,-0.57,-0.58,Jake LaTurner,0.5757713108,Roger Marshall,1.27,1.27,Challenger,Challenger,0,0,0.44516191572127234,0.5548380842787277,KS,6772872.34,29004665,7171199.34,28841685.03,01/01/2019,10/01/2019,12/31/2020,12/31/2020,3910737.88,15708977.12,576504.22,11314030.67,4487242.1,27023007.79,6568262.1,27658210.08,15041.1,284483.36,M,F,M,F,KS-Sen02
Kansas,KS-03,Sharice Davids,0.5517473961,Barbara Bollier,-0.4,-0.58,Amanda Adkins,0.4482526039,Roger Marshall,1.09,1.27,Challenger,Challenger,1,0,0.5554557459615502,0.4445442540384497,KS,6772872.34,29004665,7171199.34,28841685.03,01/01/2019,10/01/2019,12/31/2020,12/31/2020,3910737.88,15708977.12,576504.22,11314030.67,4487242.1,27023007.79,6568262.1,27658210.08,15041.1,284483.36,M,F,F,F,KS-Sen02
Kansas,KS-04,Laura Lombard,0.3634753659,Barbara Bollier,-0.46,-0.58,Ron Estes,0.6365246341,Roger Marshall,1.07,1.27,Challenger,Challenger,0,1,0.4078443534039532,0.5921556465960468,KS,6772872.34,29004665,7171199.34,28841685.03,01/01/2019,10/01/2019,12/31/2020,12/31/2020,3910737.88,15708977.12,576504.22,11314030.67,4487242.1,27023007.79,6568262.1,27658210.08,15041.1,284483.36,M,F,M,F,KS-Sen02
New Mexico,NM-01,Deb Haaland,0.5818829212,Ben Ray Lujan,-1.1,-0.83,Michelle Garcia Holmes,0.4181170788,Mark Ronchetti,1.47,1.15,Challenger,Challenger,1,0,0.5754349560550108,0.4245650439449891,NM,3977162.91,9295577.6,3966350.98,9596963.41,01/01/2020,01/01/2019,12/31/2020,12/31/2020,2768076.89,4809908.59,1040531.32,2599424.69,3808608.21,7409333.28,3974378.21,8823720.28,74.9,0,M,M,F,F,NM-Sen02
New Mexico,NM-02,Xochitl Torres Small,0.4626691492,Ben Ray Lujan,-0.11,-0.83,Yvette Herrell,0.5373308508,Mark Ronchetti,1.17,1.15,Challenger,Challenger,1,0,0.43116966012604446,0.5688303398739556,NM,3977162.91,9295577.6,3966350.98,9596963.41,01/01/2020,01/01/2019,12/31/2020,12/31/2020,2768076.89,4809908.59,1040531.32,2599424.69,3808608.21,7409333.28,3974378.21,8823720.28,74.9,0,M,M,F,F,NM-Sen02
New Mexico,NM-03,Teresa Leger Fernandez,0.5867924826,Ben Ray Lujan,-0.84,-0.83,Alexis Johnson,0.4132075174,Mark Ronchetti,1.19,1.15,Challenger,Challenger,0,0,0.5691154612441099,0.43088453875589006,NM,3977162.91,9295577.6,3966350.98,9596963.41,01/01/2020,01/01/2019,12/31/2020,12/31/2020,2768076.89,4809908.59,1040531.32,2599424.69,3808608.21,7409333.28,3974378.21,8823720.28,74.9,0,M,M,F,F,NM-Sen02
North Carolina,NC-01,G. K. Butterfield,0.5417677802,Cal Cunningham,-0.94,-0.72,Sandy Smith,0.4582322198,Thom Tillis,1.33,0.89,Challenger,Incumbent,1,0,0.54603833125531,0.45396166874469,NC,23280646.68,52569133.75,24471182.55,52395429.78,01/01/2019,06/12/2019,12/31/2020,12/31/2020,12013895.68,31179965.92,5295141.69,17298538.17,17309037.37,48478504.09,20819884.76,49399052.88,0,201000,M,M,F,M,NC-Sen02
North Carolina,NC-02,Deborah Ross,0.6438213079,Cal Cunningham,-0.57,-0.72,Alan Swain,0.3561786921,Thom Tillis,0.97,0.89,Challenger,Incumbent,0,0,0.6203119996026791,0.3796880003973208,NC,23280646.68,52569133.75,24471182.55,52395429.78,01/01/2019,06/12/2019,12/31/2020,12/31/2020,12013895.68,31179965.92,5295141.69,17298538.17,17309037.37,48478504.09,20819884.76,49399052.88,0,201000,M,M,M,F,NC-Sen02
North Carolina,NC-03,Daryl Farrow,0.3661598888,Cal Cunningham,NA,-0.72,Greg Murphy,0.6338401112,Thom Tillis,1.41,0.89,Challenger,Incumbent,0,1,0.4125392195190409,0.5874607804809591,NC,23280646.68,52569133.75,24471182.55,52395429.78,01/01/2019,06/12/2019,12/31/2020,12/31/2020,12013895.68,31179965.92,5295141.69,17298538.17,17309037.37,48478504.09,20819884.76,49399052.88,0,201000,M,M,M,M,NC-Sen02
North Carolina,NC-04,David Price,0.6732999945,Cal Cunningham,-0.91,-0.72,Robert ThomasNC,0.3267000055,Thom Tillis,1.42,0.89,Challenger,Incumbent,1,0,0.6609474412248283,0.3390525587751717,NC,23280646.68,52569133.75,24471182.55,52395429.78,01/01/2019,06/12/2019,12/31/2020,12/31/2020,12013895.68,31179965.92,5295141.69,17298538.17,17309037.37,48478504.09,20819884.76,49399052.88,0,201000,M,M,M,M,NC-Sen02
North Carolina,NC-05,David Wilson Brown,0.3173139806,Cal Cunningham,-0.77,-0.72,Virginia Foxx,0.6826860194,Thom Tillis,1.26,0.89,Challenger,Incumbent,0,1,0.3302505943025928,0.6697494056974072,NC,23280646.68,52569133.75,24471182.55,52395429.78,01/01/2019,06/12/2019,12/31/2020,12/31/2020,12013895.68,31179965.92,5295141.69,17298538.17,17309037.37,48478504.09,20819884.76,49399052.88,0,201000,M,M,F,M,NC-Sen02
North Carolina,NC-06,Kathy Manning,0.6227289139,Cal Cunningham,-0.52,-0.72,Lee Haywood,0.3772710861,Thom Tillis,1.17,0.89,Challenger,Incumbent,0,0,0.6161779068893842,0.3838220931106158,NC,23280646.68,52569133.75,24471182.55,52395429.78,01/01/2019,06/12/2019,12/31/2020,12/31/2020,12013895.68,31179965.92,5295141.69,17298538.17,17309037.37,48478504.09,20819884.76,49399052.88,0,201000,M,M,M,F,NC-Sen02
North Carolina,NC-07,Christopher Ward,0.3965664647,Cal Cunningham,-0.73,-0.72,David Rouzer,0.6034335353,Thom Tillis,1.18,0.89,Challenger,Incumbent,0,1,0.41548710845894793,0.5845128915410521,NC,23280646.68,52569133.75,24471182.55,52395429.78,01/01/2019,06/12/2019,12/31/2020,12/31/2020,12013895.68,31179965.92,5295141.69,17298538.17,17309037.37,48478504.09,20819884.76,49399052.88,0,201000,M,M,M,M,NC-Sen02
North Carolina,NC-08,Patricia Timmons-Goodson,0.4671624338,Cal Cunningham,-0.79,-0.72,Richard Hudson,0.5328375662,Thom Tillis,0.95,0.89,Challenger,Incumbent,0,1,0.4575142766271557,0.5424857233728443,NC,23280646.68,52569133.75,24471182.55,52395429.78,01/01/2019,06/12/2019,12/31/2020,12/31/2020,12013895.68,31179965.92,5295141.69,17298538.17,17309037.37,48478504.09,20819884.76,49399052.88,0,201000,M,M,M,F,NC-Sen02
North Carolina,NC-09,Cynthia Wallace,0.444079045,Cal Cunningham,-0.66,-0.72,Dan Bishop,0.555920955,Thom Tillis,1.4,0.89,Challenger,Incumbent,0,1,0.5010645608487887,0.49893543915121136,NC,23280646.68,52569133.75,24471182.55,52395429.78,01/01/2019,06/12/2019,12/31/2020,12/31/2020,12013895.68,31179965.92,5295141.69,17298538.17,17309037.37,48478504.09,20819884.76,49399052.88,0,201000,M,M,M,F,NC-Sen02
North Carolina,NC-10,David Parker,0.3109240232,Cal Cunningham,-0.81,-0.72,Patrick McHenry,0.6890759768,Thom Tillis,1.03,0.89,Challenger,Incumbent,0,1,0.3230635965837592,0.6769364034162408,NC,23280646.68,52569133.75,24471182.55,52395429.78,01/01/2019,06/12/2019,12/31/2020,12/31/2020,12013895.68,31179965.92,5295141.69,17298538.17,17309037.37,48478504.09,20819884.76,49399052.88,0,201000,M,M,M,M,NC-Sen02
North Carolina,NC-11,Morris Davis,0.4372167171,Cal Cunningham,-1.04,-0.72,Madison Cawthorn,0.5627832829,Thom Tillis,1.34,0.89,Challenger,Incumbent,0,0,0.4419629292008508,0.5580370707991492,NC,23280646.68,52569133.75,24471182.55,52395429.78,01/01/2019,06/12/2019,12/31/2020,12/31/2020,12013895.68,31179965.92,5295141.69,17298538.17,17309037.37,48478504.09,20819884.76,49399052.88,0,201000,M,M,M,M,NC-Sen02
North Carolina,NC-12,Alma Adams,1,Cal Cunningham,-0.9,-0.72,NA,NA,NA,NA,NA,Challenger,Incumbent,1,NA,0.6886942042172027,0.31130579578279727,NA,NA,NA,NA,NA,NA,NA,NA,NA,NA,NA,NA,NA,NA,NA,NA,NA,NA,NA,NA,M,NA,F,NC-Sen02
North Carolina,NC-13,Scott Huffman,0.3181810062,Cal Cunningham,-1.09,-0.72,Ted Budd,0.6818189938,Thom Tillis,1.31,0.89,Challenger,Incumbent,0,1,0.3417089288458583,0.6582910711541416,NC,23280646.68,52569133.75,24471182.55,52395429.78,01/01/2019,06/12/2019,12/31/2020,12/31/2020,12013895.68,31179965.92,5295141.69,17298538.17,17309037.37,48478504.09,20819884.76,49399052.88,0,201000,M,M,M,M,NC-Sen02
Nebraska,NE-01,Kate Bolz,0.3875928302,Chris Janicek,-0.54,-0.91,Jeff Fortenberry,0.6124071698,Ben Sasse,0.7,NA,Challenger,Incumbent,0,1,0.28836406476889775,0.7116359352311022,NE,4530024.67,159630.3,3757823.15,141423.52,01/01/2019,01/01/2019,12/31/2020,10/14/2020,1994343.37,30398.19,410855.28,37261.48,2405198.65,67659.67,3981048.65,67659.67,0,0,M,M,M,F,NE-Sen02
Nebraska,NE-02,Kara Eastman,0.4764900835,Chris Janicek,-0.95,-0.91,Don Bacon,0.5235099165,Ben Sasse,0.96,NA,Challenger,Incumbent,0,1,0.3635542641746506,0.6364457358253495,NE,4530024.67,159630.3,3757823.15,141423.52,01/01/2019,01/01/2019,12/31/2020,10/14/2020,1994343.37,30398.19,410855.28,37261.48,2405198.65,67659.67,3981048.65,67659.67,0,0,M,M,M,F,NE-Sen02
Nebraska,NE-03,Mark Elworth Jr.,0.183761288,Chris Janicek,NA,-0.91,Adrian Smith,0.816238712,Ben Sasse,0.82,NA,Challenger,Incumbent,0,1,0.1740820767497822,0.8259179232502178,NE,4530024.67,159630.3,3757823.15,141423.52,01/01/2019,01/01/2019,12/31/2020,10/14/2020,1994343.37,30398.19,410855.28,37261.48,2405198.65,67659.67,3981048.65,67659.67,0,0,M,M,M,M,NE-Sen02
Delaware,DE-00,Lisa Blunt Rochester,0.5889437265,Chris Coons,-0.79,-0.88,Lee Murphy,0.4110562735,Lauren Witzke,1.04,1.2,Incumbent,Challenger,1,0,0.6106500257398642,0.38934997426013584,DE,479515.11,6081414.85,476181.57,4746086.79,01/01/2020,01/01/2019,12/31/2020,12/31/2020,223062.46,3718838.31,244468.44,262623.97,467530.9,3981462.28,474005.9,5989599.28,0,600,F,M,M,F,DE-Sen02
New Jersey,NJ-01,Donald Norcross,0.6248006649,Cory Booker,-0.7,-1.4,Claire Gustafson,0.3751993351,Rik Mehta,1.35,1.21,Incumbent,Challenger,1,0,0.7708243418213206,0.22917565817867933,NJ,586707.1,8290750.95,586154.09,6539134.14,10/16/2019,01/01/2019,12/31/2020,12/31/2020,206062.26,3434645.2,53644.84,1883056.22,259707.1,5317701.42,271707.1,5985117.52,0,4829.54,M,M,F,M,NJ-Sen02
New Jersey,NJ-02,Amy Kennedy,0.4706571912,Cory Booker,-0.68,-1.4,Jeff Van Drew,0.5293428088,Rik Mehta,0.55,1.21,Incumbent,Challenger,0,1,0.4799078795854581,0.5200921204145419,NJ,586707.1,8290750.95,586154.09,6539134.14,10/16/2019,01/01/2019,12/31/2020,12/31/2020,206062.26,3434645.2,53644.84,1883056.22,259707.1,5317701.42,271707.1,5985117.52,0,4829.54,M,M,M,F,NJ-Sen02
New Jersey,NJ-03,Andy Kim,0.5393190932,Cory Booker,-0.34,-1.4,David Richter,0.4606809068,Rik Mehta,1.2,1.21,Incumbent,Challenger,1,0,0.4902135273206677,0.5097864726793323,NJ,586707.1,8290750.95,586154.09,6539134.14,10/16/2019,01/01/2019,12/31/2020,12/31/2020,206062.26,3434645.2,53644.84,1883056.22,259707.1,5317701.42,271707.1,5985117.52,0,4829.54,M,M,M,M,NJ-Sen02
New Jersey,NJ-04,Stephanie Schmid,0.3899424522,Cory Booker,-0.77,-1.4,Chris Smith,0.6100575478,Rik Mehta,NA,1.21,Incumbent,Challenger,0,1,0.4420840521440758,0.5579159478559242,NJ,586707.1,8290750.95,586154.09,6539134.14,10/16/2019,01/01/2019,12/31/2020,12/31/2020,206062.26,3434645.2,53644.84,1883056.22,259707.1,5317701.42,271707.1,5985117.52,0,4829.54,M,M,M,F,NJ-Sen02
New Jersey,NJ-05,Josh Gottheimer,0.5380422835,Cory Booker,-0.19,-1.4,Frank Pallotta,0.4619577165,Rik Mehta,1.15,1.21,Incumbent,Challenger,1,0,0.4220486908589802,0.5779513091410198,NJ,586707.1,8290750.95,586154.09,6539134.14,10/16/2019,01/01/2019,12/31/2020,12/31/2020,206062.26,3434645.2,53644.84,1883056.22,259707.1,5317701.42,271707.1,5985117.52,0,4829.54,M,M,M,M,NJ-Sen02
New Jersey,NJ-06,Frank Pallone,0.6116516752,Cory Booker,-0.94,-1.4,Christian Onuoha,0.3883483248,Rik Mehta,0.98,1.21,Incumbent,Challenger,1,0,0.4579861026255122,0.5420138973744878,NJ,586707.1,8290750.95,586154.09,6539134.14,10/16/2019,01/01/2019,12/31/2020,12/31/2020,206062.26,3434645.2,53644.84,1883056.22,259707.1,5317701.42,271707.1,5985117.52,0,4829.54,M,M,M,M,NJ-Sen02
New Jersey,NJ-07,Tom Malinowski,0.5061387361,Cory Booker,-0.64,-1.4,Thomas Kean Jr.,0.4938612639,Rik Mehta,0.95,1.21,Incumbent,Challenger,1,0,0.5115376843806829,0.488462315619317,NJ,586707.1,8290750.95,586154.09,6539134.14,10/16/2019,01/01/2019,12/31/2020,12/31/2020,206062.26,3434645.2,53644.84,1883056.22,259707.1,5317701.42,271707.1,5985117.52,0,4829.54,M,M,M,M,NJ-Sen02
New Jersey,NJ-08,Albio Sires,0.7507432765,Cory Booker,-0.81,-1.4,Jason Mushnick,0.2492567235,Rik Mehta,NA,1.21,Incumbent,Challenger,1,0,0.8431598550432857,0.1568401449567143,NJ,586707.1,8290750.95,586154.09,6539134.14,10/16/2019,01/01/2019,12/31/2020,12/31/2020,206062.26,3434645.2,53644.84,1883056.22,259707.1,5317701.42,271707.1,5985117.52,0,4829.54,M,M,M,M,NJ-Sen02
New Jersey,NJ-09,Bill Pascrell,0.6737412464,Cory Booker,-1.24,-1.4,Billy Prempeh,0.3262587536,Rik Mehta,1.15,1.21,Incumbent,Challenger,1,0,0.5,0.5,NJ,586707.1,8290750.95,586154.09,6539134.14,10/16/2019,01/01/2019,12/31/2020,12/31/2020,206062.26,3434645.2,53644.84,1883056.22,259707.1,5317701.42,271707.1,5985117.52,0,4829.54,M,M,M,M,NJ-Sen02
New Jersey,NJ-10,Donald Payne Jr.,0.8570080193,Cory Booker,-0.74,-1.4,Jennifer Zinone,0.1429919807,Rik Mehta,1.02,1.21,Incumbent,Challenger,1,0,0.8711448601791988,0.1288551398208012,NJ,586707.1,8290750.95,586154.09,6539134.14,10/16/2019,01/01/2019,12/31/2020,12/31/2020,206062.26,3434645.2,53644.84,1883056.22,259707.1,5317701.42,271707.1,5985117.52,0,4829.54,M,M,F,M,NJ-Sen02
New Jersey,NJ-11,Mikie Sherrill,0.5330367019,Cory Booker,-0.21,-1.4,Rosemary Becchi,0.4669632981,Rik Mehta,1.14,1.21,Incumbent,Challenger,1,0,0.5744277219084355,0.4255722780915645,NJ,586707.1,8290750.95,586154.09,6539134.14,10/16/2019,01/01/2019,12/31/2020,12/31/2020,206062.26,3434645.2,53644.84,1883056.22,259707.1,5317701.42,271707.1,5985117.52,0,4829.54,M,M,F,F,NJ-Sen02
New Jersey,NJ-12,Bonnie Watson Coleman,0.66830789,Cory Booker,-1.25,-1.4,Mark Razzoli,0.33169211,Rik Mehta,0.87,1.21,Incumbent,Challenger,1,0,0.7255579084541456,0.27444209154585436,NJ,586707.1,8290750.95,586154.09,6539134.14,10/16/2019,01/01/2019,12/31/2020,12/31/2020,206062.26,3434645.2,53644.84,1883056.22,259707.1,5317701.42,271707.1,5985117.52,0,4829.54,M,M,M,F,NJ-Sen02
Alabama,AL-01,James Averhart,0.3557124347,Doug Jones,-0.71,-0.43,Jerry Carl,0.6442875653,Tommy Tuberville,1.13,1.34,Incumbent,Challenger,0,0,0.3935596652108913,0.6064403347891087,AL,9605815.13,31053566.07,9432335.29,32710698.97,01/01/2019,01/01/2019,12/31/2020,12/31/2020,6168170.18,14632158.26,1531496.53,12840720.47,7699666.71,27472878.73,8524095.82,29416729.1,7297,22469.75,M,M,M,M,AL-Sen02
Alabama,AL-02,Phyllis Harvey-Hall,0.3471554527,Doug Jones,-0.68,-0.43,Barry Moore,0.6528445473,Tommy Tuberville,1.48,1.34,Incumbent,Challenger,0,0,0.4180659131965353,0.5819340868034647,AL,9605815.13,31053566.07,9432335.29,32710698.97,01/01/2019,01/01/2019,12/31/2020,12/31/2020,6168170.18,14632158.26,1531496.53,12840720.47,7699666.71,27472878.73,8524095.82,29416729.1,7297,22469.75,M,M,M,F,AL-Sen02
Alabama,AL-03,Adia Winfrey,0.3248503784,Doug Jones,-1.24,-0.43,Mike Rogers,0.6751496216,Tommy Tuberville,1.24,1.34,Incumbent,Challenger,0,1,0.43370978010191064,0.5662902198980894,AL,9605815.13,31053566.07,9432335.29,32710698.97,01/01/2019,01/01/2019,12/31/2020,12/31/2020,6168170.18,14632158.26,1531496.53,12840720.47,7699666.71,27472878.73,8524095.82,29416729.1,7297,22469.75,M,M,M,F,AL-Sen02
Alabama,AL-04,Rick Neighbors,0.1769627742,Doug Jones,-0.61,-0.43,Robert Aderholt,0.8230372258,Tommy Tuberville,1.05,1.34,Incumbent,Challenger,0,1,0.25053747016271155,0.7494625298372884,AL,9605815.13,31053566.07,9432335.29,32710698.97,01/01/2019,01/01/2019,12/31/2020,12/31/2020,6168170.18,14632158.26,1531496.53,12840720.47,7699666.71,27472878.73,8524095.82,29416729.1,7297,22469.75,M,M,M,M,AL-Sen02
Alabama,AL-07,Terri Sewell,1,Doug Jones,-0.69,-0.43,NA,NA,NA,NA,NA,Incumbent,Challenger,1,NA,0.5841366833246869,0.41586331667531307,NA,NA,NA,NA,NA,NA,NA,NA,NA,NA,NA,NA,NA,NA,NA,NA,NA,NA,NA,NA,M,NA,F,AL-Sen02
Massachusetts,MA-02,Jim McGovern,0.6539413831,Ed Markey,-1.23,-1.42,Tracy Lovvorn,0.3460586169,Kevin O'Connor,0.92,1.13,Incumbent,Challenger,1,0,0.7130160093659293,0.28698399063407065,MA,947013.91,11823465.97,884050.83,12971097.07,01/01/2020,01/01/2019,12/31/2020,12/31/2020,530767.55,6678710.63,115556,3126812.73,646323.55,9805523.36,672127.76,10841011.59,0,25263.15,M,M,F,M,MA-Sen02
Massachusetts,MA-03,Lori Trahan,1,Ed Markey,-0.72,-1.42,NA,NA,NA,NA,NA,Incumbent,Challenger,1,NA,0.7329594624403984,0.26704053755960155,NA,NA,NA,NA,NA,NA,NA,NA,NA,NA,NA,NA,NA,NA,NA,NA,NA,NA,NA,NA,M,NA,F,MA-Sen02
Massachusetts,MA-04,Jake Auchincloss,0.6100987424,Ed Markey,-0.9,-1.42,Julie Hall,0.3899012576,Kevin O'Connor,1.05,1.13,Incumbent,Challenger,0,0,0.7186820243207449,0.28131797567925515,MA,947013.91,11823465.97,884050.83,12971097.07,01/01/2020,01/01/2019,12/31/2020,12/31/2020,530767.55,6678710.63,115556,3126812.73,646323.55,9805523.36,672127.76,10841011.59,0,25263.15,M,M,F,M,MA-Sen02
Massachusetts,MA-05,Katherine Clark,0.7439195711,Ed Markey,-1.24,-1.42,Caroline Colarusso,0.2560804289,Kevin O'Connor,NA,1.13,Incumbent,Challenger,1,0,0.7813734125067477,0.21862658749325223,MA,947013.91,11823465.97,884050.83,12971097.07,01/01/2020,01/01/2019,12/31/2020,12/31/2020,530767.55,6678710.63,115556,3126812.73,646323.55,9805523.36,672127.76,10841011.59,0,25263.15,M,M,F,F,MA-Sen02
Massachusetts,MA-06,Seth Moulton,0.6552169894,Ed Markey,-0.75,-1.42,John Paul Moran,0.3447830106,Kevin O'Connor,1.03,1.13,Incumbent,Challenger,1,0,0.7165626427157863,0.2834373572842137,MA,947013.91,11823465.97,884050.83,12971097.07,01/01/2020,01/01/2019,12/31/2020,12/31/2020,530767.55,6678710.63,115556,3126812.73,646323.55,9805523.36,672127.76,10841011.59,0,25263.15,M,M,M,M,MA-Sen02
Massachusetts,MA-07,Ayanna Pressley,0.9973626193,Ed Markey,-1.56,-1.42,NA,NA,NA,NA,NA,Incumbent,Challenger,1,NA,0.8633715349551536,0.13662846504484635,NA,NA,NA,NA,NA,NA,NA,NA,NA,NA,NA,NA,NA,NA,NA,NA,NA,NA,NA,NA,M,NA,F,MA-Sen02
Massachusetts,MA-08,Stephen Lynch,1,Ed Markey,-0.77,-1.42,NA,NA,NA,NA,NA,Incumbent,Challenger,1,NA,0.719241430287351,0.280758569712649,NA,NA,NA,NA,NA,NA,NA,NA,NA,NA,NA,NA,NA,NA,NA,NA,NA,NA,NA,NA,M,NA,M,MA-Sen02
Massachusetts,MA-09,Bill Keating,0.627859009,Ed Markey,-0.87,-1.42,Helen Brady,0.372140991,Kevin O'Connor,0.99,1.13,Incumbent,Challenger,1,0,0.5997404762518583,0.40025952374814167,MA,947013.91,11823465.97,884050.83,12971097.07,01/01/2020,01/01/2019,12/31/2020,12/31/2020,530767.55,6678710.63,115556,3126812.73,646323.55,9805523.36,672127.76,10841011.59,0,25263.15,M,M,F,M,MA-Sen02
Michigan,MI-01,Dana Ferguson,0.3740537534,Gary Peters,-0.9,-0.46,Jack Bergman,0.6259462466,John James,1.09,1.06,Incumbent,Challenger,0,1,0.4406529798165933,0.5593470201834067,MI,48764414.44,50113274.67,47661001.73,49846729.9,01/01/2019,01/01/2019,12/31/2020,12/31/2020,23398813.88,27464739.13,22428589.78,17939637.53,45827403.66,45404376.66,46700462.68,48488050.14,915326.04,629.72,M,M,M,M,MI-Sen02
Michigan,MI-02,Bryan Berghoef,0.3923346562,Gary Peters,-0.65,-0.46,Bill Huizenga,0.6076653438,John James,1.04,1.06,Incumbent,Challenger,0,1,0.48205301313272575,0.5179469868672743,MI,48764414.44,50113274.67,47661001.73,49846729.9,01/01/2019,01/01/2019,12/31/2020,12/31/2020,23398813.88,27464739.13,22428589.78,17939637.53,45827403.66,45404376.66,46700462.68,48488050.14,915326.04,629.72,M,M,M,M,MI-Sen02
Michigan,MI-03,Hillary Scholten,0.4704029072,Gary Peters,-0.75,-0.46,Peter Meijer,0.5295970928,John James,1.23,1.06,Incumbent,Challenger,0,0,0.6124688988412597,0.3875311011587403,MI,48764414.44,50113274.67,47661001.73,49846729.9,01/01/2019,01/01/2019,12/31/2020,12/31/2020,23398813.88,27464739.13,22428589.78,17939637.53,45827403.66,45404376.66,46700462.68,48488050.14,915326.04,629.72,M,M,M,F,MI-Sen02
Michigan,MI-04,Jerry Hilliard,0.3313629552,Gary Peters,-0.73,-0.46,John Moolenaar,0.6686370448,John James,0.9,1.06,Incumbent,Challenger,0,1,0.4960594140952273,0.5039405859047728,MI,48764414.44,50113274.67,47661001.73,49846729.9,01/01/2019,01/01/2019,12/31/2020,12/31/2020,23398813.88,27464739.13,22428589.78,17939637.53,45827403.66,45404376.66,46700462.68,48488050.14,915326.04,629.72,M,M,M,M,MI-Sen02
Michigan,MI-05,Dan Kildee,0.5659626163,Gary Peters,-0.78,-0.46,Tim Kelly,0.4340373837,John James,1.48,1.06,Incumbent,Challenger,1,0,0.6903880349791732,0.3096119650208267,MI,48764414.44,50113274.67,47661001.73,49846729.9,01/01/2019,01/01/2019,12/31/2020,12/31/2020,23398813.88,27464739.13,22428589.78,17939637.53,45827403.66,45404376.66,46700462.68,48488050.14,915326.04,629.72,M,M,M,M,MI-Sen02
Michigan,MI-06,Jon Hoadley,0.4182974358,Gary Peters,-0.84,-0.46,Fred Upton,0.5817025642,John James,0.53,1.06,Incumbent,Challenger,0,1,0.6050590482129633,0.3949409517870367,MI,48764414.44,50113274.67,47661001.73,49846729.9,01/01/2019,01/01/2019,12/31/2020,12/31/2020,23398813.88,27464739.13,22428589.78,17939637.53,45827403.66,45404376.66,46700462.68,48488050.14,915326.04,629.72,M,M,M,M,MI-Sen02
Michigan,MI-07,Gretchen Driskell,0.4102931444,Gary Peters,-0.39,-0.46,Tim Walberg,0.5897068556,John James,0.82,1.06,Incumbent,Challenger,0,1,0.5035952632406804,0.4964047367593196,MI,48764414.44,50113274.67,47661001.73,49846729.9,01/01/2019,01/01/2019,12/31/2020,12/31/2020,23398813.88,27464739.13,22428589.78,17939637.53,45827403.66,45404376.66,46700462.68,48488050.14,915326.04,629.72,M,M,M,F,MI-Sen02
Michigan,MI-08,Elissa Slotkin,0.5183102745,Gary Peters,-0.33,-0.46,Paul Junge,0.4816897255,John James,1.18,1.06,Incumbent,Challenger,1,0,0.6333094780518008,0.3666905219481992,MI,48764414.44,50113274.67,47661001.73,49846729.9,01/01/2019,01/01/2019,12/31/2020,12/31/2020,23398813.88,27464739.13,22428589.78,17939637.53,45827403.66,45404376.66,46700462.68,48488050.14,915326.04,629.72,M,M,M,F,MI-Sen02
Michigan,MI-09,Andy Levin,0.6003899753,Gary Peters,-1.16,-0.46,Charles Langworthy,0.3996100247,John James,1.56,1.06,Incumbent,Challenger,1,0,0.5747127403643949,0.42528725963560504,MI,48764414.44,50113274.67,47661001.73,49846729.9,01/01/2019,01/01/2019,12/31/2020,12/31/2020,23398813.88,27464739.13,22428589.78,17939637.53,45827403.66,45404376.66,46700462.68,48488050.14,915326.04,629.72,M,M,M,M,MI-Sen02
Michigan,MI-10,Kimberly Bizon,0.3371979521,Gary Peters,-0.67,-0.46,Lisa McClain,0.6628020479,John James,1.15,1.06,Incumbent,Challenger,0,0,0.4590715902191312,0.5409284097808688,MI,48764414.44,50113274.67,47661001.73,49846729.9,01/01/2019,01/01/2019,12/31/2020,12/31/2020,23398813.88,27464739.13,22428589.78,17939637.53,45827403.66,45404376.66,46700462.68,48488050.14,915326.04,629.72,M,M,F,F,MI-Sen02
Michigan,MI-11,Haley Stevens,0.5121429202,Gary Peters,-0.49,-0.46,Eric Esshaki,0.4878570798,John James,1.25,1.06,Incumbent,Challenger,1,0,0.6124285540556974,0.38757144594430254,MI,48764414.44,50113274.67,47661001.73,49846729.9,01/01/2019,01/01/2019,12/31/2020,12/31/2020,23398813.88,27464739.13,22428589.78,17939637.53,45827403.66,45404376.66,46700462.68,48488050.14,915326.04,629.72,M,M,M,F,MI-Sen02
Michigan,MI-12,Debbie Dingell,0.6841250845,Gary Peters,-0.94,-0.46,Jeff Jones,0.3158749155,John James,NA,1.06,Incumbent,Challenger,1,0,0.7818648144903063,0.21813518550969369,MI,48764414.44,50113274.67,47661001.73,49846729.9,01/01/2019,01/01/2019,12/31/2020,12/31/2020,23398813.88,27464739.13,22428589.78,17939637.53,45827403.66,45404376.66,46700462.68,48488050.14,915326.04,629.72,M,M,M,F,MI-Sen02
Michigan,MI-13,Rashida Tlaib,0.8072046464,Gary Peters,-1.49,-0.46,David Anthony Dudenhoefer,0.1927953536,John James,1.14,1.06,Incumbent,Challenger,1,0,0.8993735155619206,0.1006264844380794,MI,48764414.44,50113274.67,47661001.73,49846729.9,01/01/2019,01/01/2019,12/31/2020,12/31/2020,23398813.88,27464739.13,22428589.78,17939637.53,45827403.66,45404376.66,46700462.68,48488050.14,915326.04,629.72,M,M,M,F,MI-Sen02
Michigan,MI-14,Brenda Lawrence,0.8124023303,Gary Peters,-0.88,-0.46,Robert Vance Patrick,0.1875976697,John James,NA,1.06,Incumbent,Challenger,1,0,0.915235280019174,0.08476471998082608,MI,48764414.44,50113274.67,47661001.73,49846729.9,01/01/2019,01/01/2019,12/31/2020,12/31/2020,23398813.88,27464739.13,22428589.78,17939637.53,45827403.66,45404376.66,46700462.68,48488050.14,915326.04,629.72,M,M,M,F,MI-Sen02
Texas,TX-01,Hank Gilbert,0.274203565,MJ Hegar,-0.81,-0.83,Louie Gohmert,0.725796435,John Cornyn,1.58,1.02,Challenger,Incumbent,0,1,0.2675892569093451,0.7324107430906549,TX,28614523.43,29597569.83,33771189.09,29558486.93,01/01/2019,01/01/2019,12/31/2020,12/31/2020,12039414.05,13373345.73,6564769.67,14672676.23,18604183.72,28046021.96,21277072.15,28652267.51,842677.36,0,M,F,M,M,TX-Sen02
Texas,TX-02,Sima Ladjevardian,0.4348567711,MJ Hegar,-0.89,-0.83,Dan Crenshaw,0.5651432289,John Cornyn,1.32,1.02,Challenger,Incumbent,0,1,0.46664145212141983,0.5333585478785802,TX,28614523.43,29597569.83,33771189.09,29558486.93,01/01/2019,01/01/2019,12/31/2020,12/31/2020,12039414.05,13373345.73,6564769.67,14672676.23,18604183.72,28046021.96,21277072.15,28652267.51,842677.36,0,M,F,M,F,TX-Sen02
Texas,TX-03,Lulu Seikaly,0.4377344684,MJ Hegar,-0.77,-0.83,Van Taylor,0.5622655316,John Cornyn,0.78,1.02,Challenger,Incumbent,0,1,0.45541423635575634,0.5445857636442436,TX,28614523.43,29597569.83,33771189.09,29558486.93,01/01/2019,01/01/2019,12/31/2020,12/31/2020,12039414.05,13373345.73,6564769.67,14672676.23,18604183.72,28046021.96,21277072.15,28652267.51,842677.36,0,M,F,M,F,TX-Sen02
Texas,TX-04,Russell Foster,0.231070227,MJ Hegar,-1.22,-0.83,Pat Fallon,0.768929773,John Cornyn,1.53,1.02,Challenger,Incumbent,0,0,0.23716563372567231,0.7628343662743277,TX,28614523.43,29597569.83,33771189.09,29558486.93,01/01/2019,01/01/2019,12/31/2020,12/31/2020,12039414.05,13373345.73,6564769.67,14672676.23,18604183.72,28046021.96,21277072.15,28652267.51,842677.36,0,M,F,M,M,TX-Sen02
Texas,TX-05,Carolyn Salter,0.3668998722,MJ Hegar,-0.76,-0.83,Lance Gooden,0.6331001278,John Cornyn,1.57,1.02,Challenger,Incumbent,0,1,0.368477045299406,0.631522954700594,TX,28614523.43,29597569.83,33771189.09,29558486.93,01/01/2019,01/01/2019,12/31/2020,12/31/2020,12039414.05,13373345.73,6564769.67,14672676.23,18604183.72,28046021.96,21277072.15,28652267.51,842677.36,0,M,F,M,F,TX-Sen02
Texas,TX-06,Stephen Daniel,0.4544473722,MJ Hegar,-0.8,-0.83,Ron Wright,0.5455526278,John Cornyn,1.26,1.02,Challenger,Incumbent,0,1,0.46715633085719055,0.5328436691428095,TX,28614523.43,29597569.83,33771189.09,29558486.93,01/01/2019,01/01/2019,12/31/2020,12/31/2020,12039414.05,13373345.73,6564769.67,14672676.23,18604183.72,28046021.96,21277072.15,28652267.51,842677.36,0,M,F,M,M,TX-Sen02
Texas,TX-07,Lizzie Fletcher,0.5169727432,MJ Hegar,-0.42,-0.83,Wesley Hunt,0.4830272568,John Cornyn,1.1,1.02,Challenger,Incumbent,1,0,0.5031374934533898,0.49686250654661024,TX,28614523.43,29597569.83,33771189.09,29558486.93,01/01/2019,01/01/2019,12/31/2020,12/31/2020,12039414.05,13373345.73,6564769.67,14672676.23,18604183.72,28046021.96,21277072.15,28652267.51,842677.36,0,M,F,M,F,TX-Sen02
Texas,TX-08,Elizabeth Hernandez,0.2599383564,MJ Hegar,-1.06,-0.83,Kevin Brady,0.7400616436,John Cornyn,1.24,1.02,Challenger,Incumbent,0,1,0.26875733170611105,0.731242668293889,TX,28614523.43,29597569.83,33771189.09,29558486.93,01/01/2019,01/01/2019,12/31/2020,12/31/2020,12039414.05,13373345.73,6564769.67,14672676.23,18604183.72,28046021.96,21277072.15,28652267.51,842677.36,0,M,F,M,F,TX-Sen02
Texas,TX-09,Al Green,0.7772040285,MJ Hegar,-1.27,-0.83,Johnny Teague,0.2227959715,John Cornyn,1.3,1.02,Challenger,Incumbent,1,0,0.7549117385295867,0.2450882614704133,TX,28614523.43,29597569.83,33771189.09,29558486.93,01/01/2019,01/01/2019,12/31/2020,12/31/2020,12039414.05,13373345.73,6564769.67,14672676.23,18604183.72,28046021.96,21277072.15,28652267.51,842677.36,0,M,F,M,M,TX-Sen02
Texas,TX-10,Mike Siegel,0.4635290456,MJ Hegar,-1.4,-0.83,Michael McCaul,0.5364709544,John Cornyn,0.93,1.02,Challenger,Incumbent,0,1,0.469800522172671,0.530199477827329,TX,28614523.43,29597569.83,33771189.09,29558486.93,01/01/2019,01/01/2019,12/31/2020,12/31/2020,12039414.05,13373345.73,6564769.67,14672676.23,18604183.72,28046021.96,21277072.15,28652267.51,842677.36,0,M,F,M,M,TX-Sen02
Texas,TX-11,Jon Mark Hogg,0.1866734717,MJ Hegar,-0.86,-0.83,August Pfluger,0.8133265283,John Cornyn,1.09,1.02,Challenger,Incumbent,0,0,0.18993618834002748,0.8100638116599725,TX,28614523.43,29597569.83,33771189.09,29558486.93,01/01/2019,01/01/2019,12/31/2020,12/31/2020,12039414.05,13373345.73,6564769.67,14672676.23,18604183.72,28046021.96,21277072.15,28652267.51,842677.36,0,M,F,M,M,TX-Sen02
Texas,TX-12,Lisa Welch,0.3414502271,MJ Hegar,-0.84,-0.83,NA,NA,NA,NA,NA,Challenger,Incumbent,0,1,0.3618730030277239,0.6381269969722762,NA,NA,NA,NA,NA,NA,NA,NA,NA,NA,NA,NA,NA,NA,NA,NA,NA,NA,NA,NA,F,NA,F,TX-Sen02
Texas,TX-13,Gus Trujillo,0.1886238957,MJ Hegar,-0.87,-0.83,Ronny Jackson,0.8113761043,John Cornyn,1.35,1.02,Challenger,Incumbent,0,0,0.18742450227425247,0.8125754977257476,TX,28614523.43,29597569.83,33771189.09,29558486.93,01/01/2019,01/01/2019,12/31/2020,12/31/2020,12039414.05,13373345.73,6564769.67,14672676.23,18604183.72,28046021.96,21277072.15,28652267.51,842677.36,0,M,F,M,M,TX-Sen02
Texas,TX-14,Adrienne Bell,0.3835918671,MJ Hegar,-1.19,-0.83,Randy Weber,0.6164081329,John Cornyn,1.37,1.02,Challenger,Incumbent,0,1,0.3891933626552019,0.6108066373447981,TX,28614523.43,29597569.83,33771189.09,29558486.93,01/01/2019,01/01/2019,12/31/2020,12/31/2020,12039414.05,13373345.73,6564769.67,14672676.23,18604183.72,28046021.96,21277072.15,28652267.51,842677.36,0,M,F,M,F,TX-Sen02
Texas,TX-15,Vicente Gonzalez,0.5146622148,MJ Hegar,-0.53,-0.83,Monica de la Cruz-Hernandez,0.4853377852,John Cornyn,1.25,1.02,Challenger,Incumbent,1,0,0.4975830351657089,0.5024169648342911,TX,28614523.43,29597569.83,33771189.09,29558486.93,01/01/2019,01/01/2019,12/31/2020,12/31/2020,12039414.05,13373345.73,6564769.67,14672676.23,18604183.72,28046021.96,21277072.15,28652267.51,842677.36,0,M,F,F,M,TX-Sen02
Texas,TX-16,Veronica Escobar,0.6472026004,MJ Hegar,-0.97,-0.83,Irene Jackson,0.3527973996,John Cornyn,1.45,1.02,Challenger,Incumbent,1,0,0.6676228715822793,0.33237712841772066,TX,28614523.43,29597569.83,33771189.09,29558486.93,01/01/2019,01/01/2019,12/31/2020,12/31/2020,12039414.05,13373345.73,6564769.67,14672676.23,18604183.72,28046021.96,21277072.15,28652267.51,842677.36,0,M,F,F,F,TX-Sen02
Texas,TX-17,Rick Kennedy,0.4228475405,MJ Hegar,-0.78,-0.83,Pete Sessions,0.5771524595,John Cornyn,1.18,1.02,Challenger,Incumbent,0,0,0.4220528922666649,0.5779471077333351,TX,28614523.43,29597569.83,33771189.09,29558486.93,01/01/2019,01/01/2019,12/31/2020,12/31/2020,12039414.05,13373345.73,6564769.67,14672676.23,18604183.72,28046021.96,21277072.15,28652267.51,842677.36,0,M,F,M,M,TX-Sen02
Texas,TX-18,Sheila Jackson Lee,0.75716886,MJ Hegar,-1.14,-0.83,Wendell Champion,0.24283114,John Cornyn,1.15,1.02,Challenger,Incumbent,1,0,0.74826940713846,0.25173059286154,TX,28614523.43,29597569.83,33771189.09,29558486.93,01/01/2019,01/01/2019,12/31/2020,12/31/2020,12039414.05,13373345.73,6564769.67,14672676.23,18604183.72,28046021.96,21277072.15,28652267.51,842677.36,0,M,F,M,F,TX-Sen02
Texas,TX-19,Tom Watson,0.2340811161,MJ Hegar,-0.86,-0.83,Jodey Arrington,0.7659188839,John Cornyn,1.26,1.02,Challenger,Incumbent,0,1,0.2506789871742593,0.7493210128257407,TX,28614523.43,29597569.83,33771189.09,29558486.93,01/01/2019,01/01/2019,12/31/2020,12/31/2020,12039414.05,13373345.73,6564769.67,14672676.23,18604183.72,28046021.96,21277072.15,28652267.51,842677.36,0,M,F,M,M,TX-Sen02
Texas,TX-20,Joaquin Castro,0.6614054838,MJ Hegar,-1.21,-0.83,Mauro Garza,0.3385945162,John Cornyn,1.13,1.02,Challenger,Incumbent,1,0,0.6205809665031747,0.3794190334968252,TX,28614523.43,29597569.83,33771189.09,29558486.93,01/01/2019,01/01/2019,12/31/2020,12/31/2020,12039414.05,13373345.73,6564769.67,14672676.23,18604183.72,28046021.96,21277072.15,28652267.51,842677.36,0,M,F,M,M,TX-Sen02
Texas,TX-21,Wendy Davis,0.4660706965,MJ Hegar,-0.69,-0.83,Chip Roy,0.5339293035,John Cornyn,1.74,1.02,Challenger,Incumbent,0,1,0.45542712603887386,0.5445728739611262,TX,28614523.43,29597569.83,33771189.09,29558486.93,01/01/2019,01/01/2019,12/31/2020,12/31/2020,12039414.05,13373345.73,6564769.67,14672676.23,18604183.72,28046021.96,21277072.15,28652267.51,842677.36,0,M,F,M,F,TX-Sen02
Texas,TX-22,Sri Preston Kulkarni,0.4639764236,MJ Hegar,-0.86,-0.83,Troy Nehls,0.5360235764,John Cornyn,0.98,1.02,Challenger,Incumbent,0,0,0.4684099858167283,0.5315900141832717,TX,28614523.43,29597569.83,33771189.09,29558486.93,01/01/2019,01/01/2019,12/31/2020,12/31/2020,12039414.05,13373345.73,6564769.67,14672676.23,18604183.72,28046021.96,21277072.15,28652267.51,842677.36,0,M,F,M,M,TX-Sen02
Texas,TX-23,Gina Ortiz Jones,0.4797069046,MJ Hegar,-0.65,-0.83,Tony Gonzales,0.5202930954,John Cornyn,1.24,1.02,Challenger,Incumbent,0,0,0.47421720812395896,0.525782791876041,TX,28614523.43,29597569.83,33771189.09,29558486.93,01/01/2019,01/01/2019,12/31/2020,12/31/2020,12039414.05,13373345.73,6564769.67,14672676.23,18604183.72,28046021.96,21277072.15,28652267.51,842677.36,0,M,F,M,F,TX-Sen02
Texas,TX-24,Candace Valenzuela,0.4930804623,MJ Hegar,-0.88,-0.83,Beth Van Duyne,0.5069195377,John Cornyn,1.15,1.02,Challenger,Incumbent,0,0,0.4901942168131353,0.5098057831868646,TX,28614523.43,29597569.83,33771189.09,29558486.93,01/01/2019,01/01/2019,12/31/2020,12/31/2020,12039414.05,13373345.73,6564769.67,14672676.23,18604183.72,28046021.96,21277072.15,28652267.51,842677.36,0,M,F,F,F,TX-Sen02
Texas,TX-25,Julie Oliver,0.4295629853,MJ Hegar,-1.24,-0.83,Roger Williams,0.5704370147,John Cornyn,0.95,1.02,Challenger,Incumbent,0,1,0.42686411787290734,0.5731358821270927,TX,28614523.43,29597569.83,33771189.09,29558486.93,01/01/2019,01/01/2019,12/31/2020,12/31/2020,12039414.05,13373345.73,6564769.67,14672676.23,18604183.72,28046021.96,21277072.15,28652267.51,842677.36,0,M,F,M,F,TX-Sen02
Texas,TX-26,Carol Iannuzzi,0.3806611312,MJ Hegar,-1.09,-0.83,Michael Burgess,0.6193388688,John Cornyn,1.04,1.02,Challenger,Incumbent,0,1,0.39639887567771,0.6036011243222901,TX,28614523.43,29597569.83,33771189.09,29558486.93,01/01/2019,01/01/2019,12/31/2020,12/31/2020,12039414.05,13373345.73,6564769.67,14672676.23,18604183.72,28046021.96,21277072.15,28652267.51,842677.36,0,M,F,M,F,TX-Sen02
Texas,TX-27,Ricardo de la FuenteTX,0.3565210572,MJ Hegar,-0.78,-0.83,Michael Cloud,0.6434789428,John Cornyn,1.35,1.02,Challenger,Incumbent,0,1,0.3680967875392752,0.6319032124607248,TX,28614523.43,29597569.83,33771189.09,29558486.93,01/01/2019,01/01/2019,12/31/2020,12/31/2020,12039414.05,13373345.73,6564769.67,14672676.23,18604183.72,28046021.96,21277072.15,28652267.51,842677.36,0,M,F,M,M,TX-Sen02
Texas,TX-28,Henry Cuellar,0.5993496133,MJ Hegar,-0.39,-0.83,Sandra Whitten,0.4006503867,John Cornyn,1.1,1.02,Challenger,Incumbent,1,0,0.5233057045343735,0.4766942954656265,TX,28614523.43,29597569.83,33771189.09,29558486.93,01/01/2019,01/01/2019,12/31/2020,12/31/2020,12039414.05,13373345.73,6564769.67,14672676.23,18604183.72,28046021.96,21277072.15,28652267.51,842677.36,0,M,F,F,M,TX-Sen02
Texas,TX-29,Sylvia Garcia,0.7220798599,MJ Hegar,-1,-0.83,Jaimy Blanco,0.2779201401,John Cornyn,1.49,1.02,Challenger,Incumbent,1,0,0.66074478761656,0.33925521238344003,TX,28614523.43,29597569.83,33771189.09,29558486.93,01/01/2019,01/01/2019,12/31/2020,12/31/2020,12039414.05,13373345.73,6564769.67,14672676.23,18604183.72,28046021.96,21277072.15,28652267.51,842677.36,0,M,F,F,F,TX-Sen02
Texas,TX-30,Eddie Bernice Johnson,0.8080342885,MJ Hegar,-0.96,-0.83,Tre Pennie,0.1919657115,John Cornyn,1.1,1.02,Challenger,Incumbent,1,0,0.7919315232426216,0.2080684767573784,TX,28614523.43,29597569.83,33771189.09,29558486.93,01/01/2019,01/01/2019,12/31/2020,12/31/2020,12039414.05,13373345.73,6564769.67,14672676.23,18604183.72,28046021.96,21277072.15,28652267.51,842677.36,0,M,F,M,M,TX-Sen02
Texas,TX-31,Donna Imam,0.4527966464,MJ Hegar,-1.2,-0.83,John Carter,0.5472033536,John Cornyn,0.97,1.02,Challenger,Incumbent,0,1,0.4660861736334405,0.5339138263665595,TX,28614523.43,29597569.83,33771189.09,29558486.93,01/01/2019,01/01/2019,12/31/2020,12/31/2020,12039414.05,13373345.73,6564769.67,14672676.23,18604183.72,28046021.96,21277072.15,28652267.51,842677.36,0,M,F,M,F,TX-Sen02
Texas,TX-32,Colin Allred,0.5307289639,MJ Hegar,-0.28,-0.83,Genevieve Collins,0.4692710361,John Cornyn,NA,1.02,Challenger,Incumbent,1,0,0.5081846633969703,0.4918153366030297,TX,28614523.43,29597569.83,33771189.09,29558486.93,01/01/2019,01/01/2019,12/31/2020,12/31/2020,12039414.05,13373345.73,6564769.67,14672676.23,18604183.72,28046021.96,21277072.15,28652267.51,842677.36,0,M,F,F,M,TX-Sen02
Texas,TX-33,Marc Veasey,0.7265496188,MJ Hegar,-0.88,-0.83,Fabian Vasquez,0.2734503812,John Cornyn,1.26,1.02,Challenger,Incumbent,1,0,0.7268772953402964,0.2731227046597036,TX,28614523.43,29597569.83,33771189.09,29558486.93,01/01/2019,01/01/2019,12/31/2020,12/31/2020,12039414.05,13373345.73,6564769.67,14672676.23,18604183.72,28046021.96,21277072.15,28652267.51,842677.36,0,M,F,M,M,TX-Sen02
Texas,TX-34,Filemon Vela,0.5698105879,MJ Hegar,-0.6,-0.83,NA,NA,NA,NA,NA,Challenger,Incumbent,1,0,0.5214816106336281,0.478518389366372,NA,NA,NA,NA,NA,NA,NA,NA,NA,NA,NA,NA,NA,NA,NA,NA,NA,NA,NA,NA,F,NA,M,TX-Sen02
Texas,TX-35,Lloyd Doggett,0.6858279413,MJ Hegar,-1.09,-0.83,Jenny Sharon,0.3141720587,John Cornyn,1.55,1.02,Challenger,Incumbent,1,0,0.6681408061739837,0.33185919382601625,TX,28614523.43,29597569.83,33771189.09,29558486.93,01/01/2019,01/01/2019,12/31/2020,12/31/2020,12039414.05,13373345.73,6564769.67,14672676.23,18604183.72,28046021.96,21277072.15,28652267.51,842677.36,0,M,F,F,M,TX-Sen02
Texas,TX-36,Rashad Lewis,0.2479045799,MJ Hegar,-0.52,-0.83,Brian Babin,0.7520954201,John Cornyn,1.51,1.02,Challenger,Incumbent,0,1,0.2645282751977799,0.7354717248022201,TX,28614523.43,29597569.83,33771189.09,29558486.93,01/01/2019,01/01/2019,12/31/2020,12/31/2020,12039414.05,13373345.73,6564769.67,14672676.23,18604183.72,28046021.96,21277072.15,28652267.51,842677.36,0,M,F,M,M,TX-Sen02
South Carolina,SC-01,Joe Cunningham,0.4936543316,Jaime Harrison,-0.21,-0.71,Nancy Mace,0.5063456684,Lindsey Graham,1.18,1.18,Challenger,Incumbent,1,0,0.4715671668054855,0.5284328331945145,SC,107747533.78,132685669.57,98457035.23,132350242.9,01/01/2019,01/01/2019,12/31/2020,12/31/2020,51324477.99,60250964.39,51233584.02,70858442.47,102558062.01,131109406.86,105025106.92,131888674.32,244466.65,151.43,M,M,F,M,SC-Sen02
South Carolina,SC-02,Adair Boroughs,0.4334927187,Jaime Harrison,-0.48,-0.71,Joe Wilson,0.5665072813,Lindsey Graham,0.99,1.18,Challenger,Incumbent,0,1,0.4560868946595543,0.5439131053404457,SC,107747533.78,132685669.57,98457035.23,132350242.9,01/01/2019,01/01/2019,12/31/2020,12/31/2020,51324477.99,60250964.39,51233584.02,70858442.47,102558062.01,131109406.86,105025106.92,131888674.32,244466.65,151.43,M,M,M,F,SC-Sen02
South Carolina,SC-03,Hosea Cleveland,0.287202631,Jaime Harrison,-0.52,-0.71,Jeff Duncan,0.712797369,Lindsey Graham,1.53,1.18,Challenger,Incumbent,0,1,0.32144957562983817,0.6785504243701619,SC,107747533.78,132685669.57,98457035.23,132350242.9,01/01/2019,01/01/2019,12/31/2020,12/31/2020,51324477.99,60250964.39,51233584.02,70858442.47,102558062.01,131109406.86,105025106.92,131888674.32,244466.65,151.43,M,M,M,M,SC-Sen02
South Carolina,SC-04,Kim Nelson,0.3745554683,Jaime Harrison,-0.94,-0.71,William Timmons,0.6254445317,Lindsey Graham,1.15,1.18,Challenger,Incumbent,0,1,0.40250311047082704,0.5974968895291729,SC,107747533.78,132685669.57,98457035.23,132350242.9,01/01/2019,01/01/2019,12/31/2020,12/31/2020,51324477.99,60250964.39,51233584.02,70858442.47,102558062.01,131109406.86,105025106.92,131888674.32,244466.65,151.43,M,M,M,F,SC-Sen02
South Carolina,SC-05,Moe Brown,0.3988660737,Jaime Harrison,-0.85,-0.71,Ralph Norman,0.6011339263,Lindsey Graham,1.43,1.18,Challenger,Incumbent,0,1,0.4267980760465652,0.5732019239534347,SC,107747533.78,132685669.57,98457035.23,132350242.9,01/01/2019,01/01/2019,12/31/2020,12/31/2020,51324477.99,60250964.39,51233584.02,70858442.47,102558062.01,131109406.86,105025106.92,131888674.32,244466.65,151.43,M,M,M,M,SC-Sen02
South Carolina,SC-06,Jim Clyburn,0.6887090868,Jaime Harrison,-0.93,-0.71,John McCollum,0.3112909132,Lindsey Graham,1.22,1.18,Challenger,Incumbent,1,0,0.6802336054305678,0.3197663945694322,SC,107747533.78,132685669.57,98457035.23,132350242.9,01/01/2019,01/01/2019,12/31/2020,12/31/2020,51324477.99,60250964.39,51233584.02,70858442.47,102558062.01,131109406.86,105025106.92,131888674.32,244466.65,151.43,M,M,M,M,SC-Sen02
South Carolina,SC-07,Melissa Watson,0.3816427378,Jaime Harrison,-0.49,-0.71,Tom Rice,0.6183572622,Lindsey Graham,1.11,1.18,Challenger,Incumbent,0,1,0.4157460401969919,0.5842539598030081,SC,107747533.78,132685669.57,98457035.23,132350242.9,01/01/2019,01/01/2019,12/31/2020,12/31/2020,51324477.99,60250964.39,51233584.02,70858442.47,102558062.01,131109406.86,105025106.92,131888674.32,244466.65,151.43,M,M,M,F,SC-Sen02
New Hampshire,NH-01,Chris Pappas,0.5261627833,Jeanne Shaheen,-0.34,-0.53,Matt Mowers,0.4738372167,Corky Messner,1.15,1.12,Incumbent,Challenger,1,0,0.5726621427310108,0.4273378572689891,NH,7150052.78,18172382.69,7091752.65,17521348.95,01/01/2019,01/01/2019,12/31/2020,12/31/2020,860920.07,10371412.41,150881.73,4865407.29,1011801.8,15236819.7,1192901.8,17307434.74,0,25839.73,M,F,M,M,NH-Sen02
New Hampshire,NH-02,Ann Kuster,0.552234374,Jeanne Shaheen,-0.43,-0.53,Steve Negron,0.44776562600000003,Corky Messner,1.13,1.12,Incumbent,Challenger,1,0,0.5879421014879256,0.41205789851207447,NH,7150052.78,18172382.69,7091752.65,17521348.95,01/01/2019,01/01/2019,12/31/2020,12/31/2020,860920.07,10371412.41,150881.73,4865407.29,1011801.8,15236819.7,1192901.8,17307434.74,0,25839.73,M,F,M,F,NH-Sen02
Oregon,OR-01,Suzanne Bonamici,0.6472149177,Jeff Merkley,-0.95,-1.39,Christopher Christensen,0.3527850823,Jo Rae Perkins,NA,1.63,Incumbent,Challenger,1,0,0.6502254339380547,0.34977456606194535,OR,142923.6,6410830.47,117245.97,4288037.97,01/01/2019,01/01/2019,12/31/2020,12/31/2020,119868.21,3425110.46,671.38,2160135.5,120539.59,5585245.96,135416.98,6191264.82,6891.77,10244.6,F,M,M,F,OR-Sen02
Oregon,OR-02,Alex Spenser,0.3814657704,Jeff Merkley,-1.32,-1.39,Cliff Bentz,0.6185342296,Jo Rae Perkins,1.11,1.63,Incumbent,Challenger,0,0,0.4474168856188068,0.5525831143811932,OR,142923.6,6410830.47,117245.97,4288037.97,01/01/2019,01/01/2019,12/31/2020,12/31/2020,119868.21,3425110.46,671.38,2160135.5,120539.59,5585245.96,135416.98,6191264.82,6891.77,10244.6,F,M,M,F,OR-Sen02
Oregon,OR-03,Earl Blumenauer,0.7565309682,Jeff Merkley,-1.45,-1.39,Joanna Harbour,0.2434690318,Jo Rae Perkins,1.11,1.63,Incumbent,Challenger,1,0,0.763948599336211,0.2360514006637891,OR,142923.6,6410830.47,117245.97,4288037.97,01/01/2019,01/01/2019,12/31/2020,12/31/2020,119868.21,3425110.46,671.38,2160135.5,120539.59,5585245.96,135416.98,6191264.82,6891.77,10244.6,F,M,F,M,OR-Sen02
Oregon,OR-04,Peter DeFazio,0.527207126,Jeff Merkley,-0.92,-1.39,Alek Skarlatos,0.472792874,Jo Rae Perkins,1.24,1.63,Incumbent,Challenger,1,0,0.537503338592786,0.46249666140721407,OR,142923.6,6410830.47,117245.97,4288037.97,01/01/2019,01/01/2019,12/31/2020,12/31/2020,119868.21,3425110.46,671.38,2160135.5,120539.59,5585245.96,135416.98,6191264.82,6891.77,10244.6,F,M,M,M,OR-Sen02
Oregon,OR-05,Kurt Schrader,0.5347092103,Jeff Merkley,-0.34,-1.39,Amy Ryan Courser,0.4652907897,Jo Rae Perkins,1.29,1.63,Incumbent,Challenger,1,0,0.5537638176979586,0.4462361823020415,OR,142923.6,6410830.47,117245.97,4288037.97,01/01/2019,01/01/2019,12/31/2020,12/31/2020,119868.21,3425110.46,671.38,2160135.5,120539.59,5585245.96,135416.98,6191264.82,6891.77,10244.6,F,M,F,M,OR-Sen02
Rhode Island,RI-01,David Cicilline,1,Jack Reed,-0.92,-0.83,NA,NA,NA,NA,NA,Incumbent,Challenger,1,NA,0.7061740542564446,0.29382594574355536,NA,NA,NA,NA,NA,NA,NA,NA,NA,NA,NA,NA,NA,NA,NA,NA,NA,NA,NA,NA,M,NA,M,RI-Sen02
Rhode Island,RI-02,Jim Langevin,0.5837033109,Jack Reed,-0.53,-0.83,Robert Lancia,0.4162966891,Allen Waters,1.62,1.11,Incumbent,Challenger,1,0,0.6322300637808054,0.3677699362191946,RI,29725.75,2964445.84,22367.71,2494636.39,10/01/2019,01/01/2019,12/31/2020,12/31/2020,14184,1301832.27,4745,37914.15,18929,1339746.42,21255.33,2822183.42,25,11469.83,M,M,M,M,RI-Sen02
Colorado,CO-01,Diana DeGette,0.7578592062,John Hickenlooper,-1.07,-0.93,Shane Bolling,0.2421407938,Cory Gardner,1.54,0.54,Challenger,Incumbent,1,0,0.7510234101016724,0.2489765898983276,CO,26161851.26,44246118.41,26813944.62,42604035.39,01/01/2019,08/22/2019,12/31/2020,12/31/2020,14123257.25,25067941.16,5653781.9,14795217.91,19777039.15,39863159.07,22637419.89,40705172.47,27550,4040.56,M,M,M,F,CO-Sen02
Colorado,CO-02,Joe Neguse,0.6345200532,John Hickenlooper,-0.82,-0.93,Charles Winn,0.3654799468,Cory Gardner,0.91,0.54,Challenger,Incumbent,1,0,0.6287649378994451,0.37123506210055496,CO,26161851.26,44246118.41,26813944.62,42604035.39,01/01/2019,08/22/2019,12/31/2020,12/31/2020,14123257.25,25067941.16,5653781.9,14795217.91,19777039.15,39863159.07,22637419.89,40705172.47,27550,4040.56,M,M,M,M,CO-Sen02
Colorado,CO-03,Diane Mitsch Bush,0.4680390398,John Hickenlooper,-0.95,-0.93,Lauren Boebert,0.5319609602,Cory Gardner,1.63,0.54,Challenger,Incumbent,0,0,0.4608624871258181,0.5391375128741819,CO,26161851.26,44246118.41,26813944.62,42604035.39,01/01/2019,08/22/2019,12/31/2020,12/31/2020,14123257.25,25067941.16,5653781.9,14795217.91,19777039.15,39863159.07,22637419.89,40705172.47,27550,4040.56,M,M,F,F,CO-Sen02
Colorado,CO-04,Isaac McCorkle,0.3785107638,John Hickenlooper,-0.95,-0.93,Ken Buck,0.6214892362,Cory Gardner,1.56,0.54,Challenger,Incumbent,0,1,0.397848244145403,0.602151755854597,CO,26161851.26,44246118.41,26813944.62,42604035.39,01/01/2019,08/22/2019,12/31/2020,12/31/2020,14123257.25,25067941.16,5653781.9,14795217.91,19777039.15,39863159.07,22637419.89,40705172.47,27550,4040.56,M,M,M,M,CO-Sen02
Colorado,CO-05,Jillian Freeland,0.3935579244,John Hickenlooper,-0.88,-0.93,Doug Lamborn,0.6064420756,Cory Gardner,1.46,0.54,Challenger,Incumbent,0,1,0.409361862480717,0.5906381375192831,CO,26161851.26,44246118.41,26813944.62,42604035.39,01/01/2019,08/22/2019,12/31/2020,12/31/2020,14123257.25,25067941.16,5653781.9,14795217.91,19777039.15,39863159.07,22637419.89,40705172.47,27550,4040.56,M,M,M,F,CO-Sen02
Colorado,CO-06,Jason Crow,0.5882737259,John Hickenlooper,-0.51,-0.93,Steve House,0.4117262741,Cory Gardner,1.07,0.54,Challenger,Incumbent,1,0,0.5687934102322769,0.4312065897677231,CO,26161851.26,44246118.41,26813944.62,42604035.39,01/01/2019,08/22/2019,12/31/2020,12/31/2020,14123257.25,25067941.16,5653781.9,14795217.91,19777039.15,39863159.07,22637419.89,40705172.47,27550,4040.56,M,M,M,M,CO-Sen02
Colorado,CO-07,Ed Perlmutter,0.6112467946,John Hickenlooper,-0.62,-0.93,Casper Stockham,0.3886726899,Cory Gardner,1.43,0.54,Challenger,Incumbent,1,0,0.5990351520490719,0.4009648479509282,CO,26161851.26,44246118.41,26813944.62,42604035.39,01/01/2019,08/22/2019,12/31/2020,12/31/2020,14123257.25,25067941.16,5653781.9,14795217.91,19777039.15,39863159.07,22637419.89,40705172.47,27550,4040.56,M,M,M,M,CO-Sen02
Georgia,GA-01,Joyce Marie Griggs,0.4165077996,Jon Ossoff,NA,-1.04,Buddy Carter,0.5834922004,David Perdue,1.11,1.04,Challenger,Incumbent,0,1,0.4309448878753326,0.5690551121246674,GA,99202974.13,156146537.53,88492643.47,151814804.04,01/01/2019,06/25/2019,12/31/2020,12/31/2020,52467472.11,75460307.89,23106905.31,69694694.49,75574377.42,145155002.38,80425954.87,146083040.93,349226.81,0,M,M,M,F,GA-Sen02
Georgia,GA-02,Sanford Bishop,0.59116099,Jon Ossoff,-0.67,-1.04,Donald Cole,0.40883901,David Perdue,1.38,1.04,Challenger,Incumbent,1,0,0.5493820929528314,0.4506179070471686,GA,99202974.13,156146537.53,88492643.47,151814804.04,01/01/2019,06/25/2019,12/31/2020,12/31/2020,52467472.11,75460307.89,23106905.31,69694694.49,75574377.42,145155002.38,80425954.87,146083040.93,349226.81,0,M,M,M,M,GA-Sen02
Georgia,GA-03,Val Almonord,0.3495440566,Jon Ossoff,-0.83,-1.04,Drew Ferguson,0.6504559434,David Perdue,1.09,1.04,Challenger,Incumbent,0,1,0.3645676296205539,0.6354323703794461,GA,99202974.13,156146537.53,88492643.47,151814804.04,01/01/2019,06/25/2019,12/31/2020,12/31/2020,52467472.11,75460307.89,23106905.31,69694694.49,75574377.42,145155002.38,80425954.87,146083040.93,349226.81,0,M,M,M,M,GA-Sen02
Georgia,GA-04,Hank Johnson,0.8007660085,Jon Ossoff,-1.06,-1.04,Johsie Cruz,0.1992339915,David Perdue,1.64,1.04,Challenger,Incumbent,1,0,0.7932342614379454,0.20676573856205455,GA,99202974.13,156146537.53,88492643.47,151814804.04,01/01/2019,06/25/2019,12/31/2020,12/31/2020,52467472.11,75460307.89,23106905.31,69694694.49,75574377.42,145155002.38,80425954.87,146083040.93,349226.81,0,M,M,F,M,GA-Sen02
Georgia,GA-05,Nikema Williams,0.8514934993,Jon Ossoff,-1.12,-1.04,Angela Stanton King,0.1485065007,David Perdue,NA,1.04,Challenger,Incumbent,0,0,0.8598330061422059,0.14016699385779402,GA,99202974.13,156146537.53,88492643.47,151814804.04,01/01/2019,06/25/2019,12/31/2020,12/31/2020,52467472.11,75460307.89,23106905.31,69694694.49,75574377.42,145155002.38,80425954.87,146083040.93,349226.81,0,M,M,F,F,GA-Sen02
Georgia,GA-06,Lucy McBath,0.5458897417,Jon Ossoff,-0.53,-1.04,Karen Handel,0.4541102583,David Perdue,0.94,1.04,Challenger,Incumbent,1,0,0.5280487956991929,0.471951204300807,GA,99202974.13,156146537.53,88492643.47,151814804.04,01/01/2019,06/25/2019,12/31/2020,12/31/2020,52467472.11,75460307.89,23106905.31,69694694.49,75574377.42,145155002.38,80425954.87,146083040.93,349226.81,0,M,M,F,F,GA-Sen02
Georgia,GA-07,Carolyn Bourdeaux,0.5139125191,Jon Ossoff,-0.8,-1.04,Rich McCormick,0.4860874809,David Perdue,1.32,1.04,Challenger,Incumbent,0,0,0.5150225451368822,0.4849774548631179,GA,99202974.13,156146537.53,88492643.47,151814804.04,01/01/2019,06/25/2019,12/31/2020,12/31/2020,52467472.11,75460307.89,23106905.31,69694694.49,75574377.42,145155002.38,80425954.87,146083040.93,349226.81,0,M,M,M,F,GA-Sen02
Georgia,GA-08,Lindsay Holliday,0.3547935642,Jon Ossoff,-0.8,-1.04,Austin Scott,0.6452064358,David Perdue,1.11,1.04,Challenger,Incumbent,0,1,0.36459323667138266,0.6354067633286173,GA,99202974.13,156146537.53,88492643.47,151814804.04,01/01/2019,06/25/2019,12/31/2020,12/31/2020,52467472.11,75460307.89,23106905.31,69694694.49,75574377.42,145155002.38,80425954.87,146083040.93,349226.81,0,M,M,M,M,GA-Sen02
Georgia,GA-09,Devin Pandy,0.2141931085,Jon Ossoff,-1.08,-1.04,Andrew Clyde,0.7858068915,David Perdue,1.49,1.04,Challenger,Incumbent,0,0,0.2191940241253648,0.7808059758746352,GA,99202974.13,156146537.53,88492643.47,151814804.04,01/01/2019,06/25/2019,12/31/2020,12/31/2020,52467472.11,75460307.89,23106905.31,69694694.49,75574377.42,145155002.38,80425954.87,146083040.93,349226.81,0,M,M,M,M,GA-Sen02
Georgia,GA-10,Tabitha Johnson-Green,0.3768992142,Jon Ossoff,-1.16,-1.04,Jody Hice,0.6231007858,David Perdue,1.8,1.04,Challenger,Incumbent,0,1,0.3847846695557963,0.6152153304442037,GA,99202974.13,156146537.53,88492643.47,151814804.04,01/01/2019,06/25/2019,12/31/2020,12/31/2020,52467472.11,75460307.89,23106905.31,69694694.49,75574377.42,145155002.38,80425954.87,146083040.93,349226.81,0,M,M,M,F,GA-Sen02
Georgia,GA-11,Dana Barrett,0.3957381702,Jon Ossoff,-0.68,-1.04,Barry Loudermilk,0.6042618298,David Perdue,1.43,1.04,Challenger,Incumbent,0,1,0.4153098963527611,0.584690103647239,GA,99202974.13,156146537.53,88492643.47,151814804.04,01/01/2019,06/25/2019,12/31/2020,12/31/2020,52467472.11,75460307.89,23106905.31,69694694.49,75574377.42,145155002.38,80425954.87,146083040.93,349226.81,0,M,M,M,F,GA-Sen02
Georgia,GA-12,Elizabeth Johnson,0.4161928932,Jon Ossoff,-0.69,-1.04,Rick Allen,0.5838071068,David Perdue,1.08,1.04,Challenger,Incumbent,0,1,0.4241562735172476,0.5758437264827524,GA,99202974.13,156146537.53,88492643.47,151814804.04,01/01/2019,06/25/2019,12/31/2020,12/31/2020,52467472.11,75460307.89,23106905.31,69694694.49,75574377.42,145155002.38,80425954.87,146083040.93,349226.81,0,M,M,M,F,GA-Sen02
Georgia,GA-13,David Scott,0.774004843,Jon Ossoff,-0.4,-1.04,Becky Hites,0.225995157,David Perdue,1.15,1.04,Challenger,Incumbent,1,0,0.7581157908213995,0.2418842091786005,GA,99202974.13,156146537.53,88492643.47,151814804.04,01/01/2019,06/25/2019,12/31/2020,12/31/2020,52467472.11,75460307.89,23106905.31,69694694.49,75574377.42,145155002.38,80425954.87,146083040.93,349226.81,0,M,M,F,M,GA-Sen02
Georgia,GA-14,Kevin Van Ausdal,0.2528988216,Jon Ossoff,-0.92,-1.04,Marjorie Taylor Greene,0.7471011784,David Perdue,1.62,1.04,Challenger,Incumbent,0,0,0.25288993590094777,0.7471100640990522,GA,99202974.13,156146537.53,88492643.47,151814804.04,01/01/2019,06/25/2019,12/31/2020,12/31/2020,52467472.11,75460307.89,23106905.31,69694694.49,75574377.42,145155002.38,80425954.87,146083040.93,349226.81,0,M,M,F,M,GA-Sen02
Virginia,VA-01,Qasim Rashid,0.4176704943,Mark Warner,-1.01,-0.64,Rob Wittman,0.5823295057,Daniel Gade,0.91,1.36,Incumbent,Challenger,0,1,0.4890091286159165,0.5109908713840835,VA,4925967.31,13227445.93,4918185.91,15905872.08,01/01/2019,01/01/2019,12/31/2020,12/31/2020,3039847.57,6662594.41,1646937.72,1498431.76,4686785.29,8161026.17,4793824.68,10661975.17,0,41818.47,M,M,M,M,VA-Sen02
Virginia,VA-02,Elaine Luria,0.5295098699,Mark Warner,-0.13,-0.64,Scott Taylor,0.4704901301,Daniel Gade,1.58,1.36,Incumbent,Challenger,1,0,0.5376017408627047,0.4623982591372953,VA,4925967.31,13227445.93,4918185.91,15905872.08,01/01/2019,01/01/2019,12/31/2020,12/31/2020,3039847.57,6662594.41,1646937.72,1498431.76,4686785.29,8161026.17,4793824.68,10661975.17,0,41818.47,M,M,M,F,VA-Sen02
Virginia,VA-03,Bobby Scott,0.6849937615,Mark Warner,-0.81,-0.64,John Collick,0.3150062385,Daniel Gade,1.2,1.36,Incumbent,Challenger,1,0,0.6345431040674152,0.3654568959325848,VA,4925967.31,13227445.93,4918185.91,15905872.08,01/01/2019,01/01/2019,12/31/2020,12/31/2020,3039847.57,6662594.41,1646937.72,1498431.76,4686785.29,8161026.17,4793824.68,10661975.17,0,41818.47,M,M,M,M,VA-Sen02
Virginia,VA-04,Donald McEachin,0.6170991921,Mark Warner,-0.85,-0.64,Leon Benjamin,0.3829008079,Daniel Gade,1.11,1.36,Incumbent,Challenger,1,0,0.6539709212009219,0.34602907879907807,VA,4925967.31,13227445.93,4918185.91,15905872.08,01/01/2019,01/01/2019,12/31/2020,12/31/2020,3039847.57,6662594.41,1646937.72,1498431.76,4686785.29,8161026.17,4793824.68,10661975.17,0,41818.47,M,M,M,M,VA-Sen02
Virginia,VA-05,Cameron Webb,0.4742426546,Mark Warner,-0.95,-0.64,Bob Good,0.5257573454,Daniel Gade,1.25,1.36,Incumbent,Challenger,0,0,0.478878739206381,0.521121260793619,VA,4925967.31,13227445.93,4918185.91,15905872.08,01/01/2019,01/01/2019,12/31/2020,12/31/2020,3039847.57,6662594.41,1646937.72,1498431.76,4686785.29,8161026.17,4793824.68,10661975.17,0,41818.47,M,M,M,M,VA-Sen02
Virginia,VA-06,Nicholas Betts,0.3533087705,Mark Warner,-0.82,-0.64,Ben Cline,0.6466912295,Daniel Gade,0.96,1.36,Incumbent,Challenger,0,1,0.4172766862545703,0.5827233137454297,VA,4925967.31,13227445.93,4918185.91,15905872.08,01/01/2019,01/01/2019,12/31/2020,12/31/2020,3039847.57,6662594.41,1646937.72,1498431.76,4686785.29,8161026.17,4793824.68,10661975.17,0,41818.47,M,M,M,M,VA-Sen02
Virginia,VA-07,Abigail Spanberger,0.5091176497,Mark Warner,-0.26,-0.64,Nick Freitas,0.4908823503,Daniel Gade,1.34,1.36,Incumbent,Challenger,1,0,0.4676935629348453,0.5323064370651547,VA,4925967.31,13227445.93,4918185.91,15905872.08,01/01/2019,01/01/2019,12/31/2020,12/31/2020,3039847.57,6662594.41,1646937.72,1498431.76,4686785.29,8161026.17,4793824.68,10661975.17,0,41818.47,M,M,M,F,VA-Sen02
Virginia,VA-08,Don Beyer,0.759676326,Mark Warner,-1.13,-0.64,Jeff Jordan,0.240323674,Daniel Gade,1.19,1.36,Incumbent,Challenger,1,0,0.7655465729525198,0.23445342704748023,VA,4925967.31,13227445.93,4918185.91,15905872.08,01/01/2019,01/01/2019,12/31/2020,12/31/2020,3039847.57,6662594.41,1646937.72,1498431.76,4686785.29,8161026.17,4793824.68,10661975.17,0,41818.47,M,M,M,M,VA-Sen02
Virginia,VA-10,Jennifer Wexton,0.5657712737,Mark Warner,-0.61,-0.64,Aliscia Andrews,0.4342287263,Daniel Gade,1.27,1.36,Incumbent,Challenger,1,0,0.626917859779403,0.37308214022059705,VA,4925967.31,13227445.93,4918185.91,15905872.08,01/01/2019,01/01/2019,12/31/2020,12/31/2020,3039847.57,6662594.41,1646937.72,1498431.76,4686785.29,8161026.17,4793824.68,10661975.17,0,41818.47,M,M,F,F,VA-Sen02
Virginia,VA-11,Gerry Connolly,0.7159434335,Mark Warner,-0.93,-0.64,Manga Anantatmula,0.2840565665,Daniel Gade,0.99,1.36,Incumbent,Challenger,1,0,0.6877687264938579,0.3122312735061421,VA,4925967.31,13227445.93,4918185.91,15905872.08,01/01/2019,01/01/2019,12/31/2020,12/31/2020,3039847.57,6662594.41,1646937.72,1498431.76,4686785.29,8161026.17,4793824.68,10661975.17,0,41818.47,M,M,F,M,VA-Sen02
Tennessee,TN-01,Blair Walsingham,0.231190911,Marquita Bradshaw,-1.02,-1.17,Diana Harshbarger,0.768809089,Bill Hagerty,1.17,1.39,Challenger,Challenger,0,0,0.2127084512199181,0.7872915487800819,TN,15772577.38,1628980.09,15717518.79,1612771.13,09/03/2019,09/27/2019,12/31/2020,12/31/2020,7015335.68,609650.56,298849.63,954835.77,7314185.31,1564486.33,8438460.31,1615341.61,972.84,0,M,F,F,F,TN-Sen02
Tennessee,TN-02,Renee Hoyos,0.3146495463,Marquita Bradshaw,-0.72,-1.17,Tim Burchett,0.6853504537,Bill Hagerty,1.48,1.39,Challenger,Challenger,0,1,0.3269825761276665,0.6730174238723335,TN,15772577.38,1628980.09,15717518.79,1612771.13,09/03/2019,09/27/2019,12/31/2020,12/31/2020,7015335.68,609650.56,298849.63,954835.77,7314185.31,1564486.33,8438460.31,1615341.61,972.84,0,M,F,M,F,TN-Sen02
Tennessee,TN-03,Meg Gorman,0.3118419961,Marquita Bradshaw,-0.92,-1.17,Chuck Fleischmann,0.6881580039,Bill Hagerty,1.18,1.39,Challenger,Challenger,0,1,0.31527871470879176,0.6847212852912082,TN,15772577.38,1628980.09,15717518.79,1612771.13,09/03/2019,09/27/2019,12/31/2020,12/31/2020,7015335.68,609650.56,298849.63,954835.77,7314185.31,1564486.33,8438460.31,1615341.61,972.84,0,M,F,M,F,TN-Sen02
Tennessee,TN-04,Christopher Hale,0.3333472342,Marquita Bradshaw,-0.47,-1.17,Scott DesJarlais,0.6666527658,Bill Hagerty,1.48,1.39,Challenger,Challenger,0,1,0.2930615772416277,0.7069384227583724,TN,15772577.38,1628980.09,15717518.79,1612771.13,09/03/2019,09/27/2019,12/31/2020,12/31/2020,7015335.68,609650.56,298849.63,954835.77,7314185.31,1564486.33,8438460.31,1615341.61,972.84,0,M,F,M,M,TN-Sen02
Tennessee,TN-05,Jim Cooper,1,Marquita Bradshaw,-0.83,-1.17,NA,NA,NA,NA,NA,Challenger,Challenger,1,NA,0.5862399875247032,0.4137600124752968,NA,NA,NA,NA,NA,NA,NA,NA,NA,NA,NA,NA,NA,NA,NA,NA,NA,NA,NA,NA,F,NA,M,TN-Sen02
Tennessee,TN-06,Christopher Finley,0.2455949201,Marquita Bradshaw,NA,-1.17,John Rose,0.7544050799,Bill Hagerty,1.23,1.39,Challenger,Challenger,0,1,0.240758907494367,0.759241092505633,TN,15772577.38,1628980.09,15717518.79,1612771.13,09/03/2019,09/27/2019,12/31/2020,12/31/2020,7015335.68,609650.56,298849.63,954835.77,7314185.31,1564486.33,8438460.31,1615341.61,972.84,0,M,F,M,M,TN-Sen02
Tennessee,TN-07,Kiran Sreepada,0.2810305342,Marquita Bradshaw,-0.73,-1.17,Mark Green,0.7189694658,Bill Hagerty,1.45,1.39,Challenger,Challenger,0,1,0.2937836698898646,0.7062163301101354,TN,15772577.38,1628980.09,15717518.79,1612771.13,09/03/2019,09/27/2019,12/31/2020,12/31/2020,7015335.68,609650.56,298849.63,954835.77,7314185.31,1564486.33,8438460.31,1615341.61,972.84,0,M,F,M,M,TN-Sen02
Tennessee,TN-08,Erika Stotts Pearson,0.3011017945,Marquita Bradshaw,-0.98,-1.17,David Kustoff,0.6988982055,Bill Hagerty,0.97,1.39,Challenger,Challenger,0,1,0.3225417758680972,0.6774582241319028,TN,15772577.38,1628980.09,15717518.79,1612771.13,09/03/2019,09/27/2019,12/31/2020,12/31/2020,7015335.68,609650.56,298849.63,954835.77,7314185.31,1564486.33,8438460.31,1615341.61,972.84,0,M,F,M,F,TN-Sen02
Tennessee,TN-09,Steve Cohen,0.7937758477,Marquita Bradshaw,-1.42,-1.17,Charlotte Bergmann,0.2062241523,Bill Hagerty,1.49,1.39,Challenger,Challenger,1,0,0.7525899843505477,0.24741001564945228,TN,15772577.38,1628980.09,15717518.79,1612771.13,09/03/2019,09/27/2019,12/31/2020,12/31/2020,7015335.68,609650.56,298849.63,954835.77,7314185.31,1564486.33,8438460.31,1615341.61,972.84,0,M,F,F,M,TN-Sen02
Wyoming,WY-00,Lynnette Grey Bull,0.2638679709,Merav Ben-David,-0.95,-0.89,Liz Cheney,0.7361320291,Cynthia Lummis,1.24,1.16,Challenger,Challenger,0,1,0.2686420591731705,0.7313579408268295,WY,3003787.92,559626.26,3037813.16,545348.26,01/01/2019,01/01/2020,12/31/2020,12/31/2020,1057643.5,202683.92,516283.94,336760.94,1573927.44,539444.86,2381502.94,541894.86,0,231.4,F,F,F,F,WY-Sen02
Mississippi,MS-01,Antonia Eliason,0.3125287339,Mike Espy,-1.44,-0.79,Trent Kelly,0.6874712661,Cindy Hyde-Smith,1.03,0.74,Challenger,Incumbent,0,1,0.3927734308652181,0.607226569134782,MS,3407099.27,12320919.34,3292470.82,12439496.96,01/01/2019,01/01/2019,12/31/2020,12/31/2020,1682622.39,5256650.79,475247.8,6544634.79,2157870.19,11801285.58,3323687.99,12125052.24,1533.38,0,F,M,M,F,MS-Sen02
Mississippi,MS-02,Bennie Thompson,0.6601667373,Mike Espy,-0.97,-0.79,Brian Flowers,0.3398332627,Cindy Hyde-Smith,1.33,0.74,Challenger,Incumbent,1,0,0.6285674145464252,0.3714325854535748,MS,3407099.27,12320919.34,3292470.82,12439496.96,01/01/2019,01/01/2019,12/31/2020,12/31/2020,1682622.39,5256650.79,475247.8,6544634.79,2157870.19,11801285.58,3323687.99,12125052.24,1533.38,0,F,M,M,M,MS-Sen02
Mississippi,MS-03,Dot Benford,0.3533228413,Mike Espy,NA,-0.79,Michael Guest,0.6466771587,Cindy Hyde-Smith,1.12,0.74,Challenger,Incumbent,0,1,0.4963480956479033,0.5036519043520967,MS,3407099.27,12320919.34,3292470.82,12439496.96,01/01/2019,01/01/2019,12/31/2020,12/31/2020,1682622.39,5256650.79,475247.8,6544634.79,2157870.19,11801285.58,3323687.99,12125052.24,1533.38,0,F,M,M,F,MS-Sen02
West Virginia,WV-01,Natalie Cline,0.3102325493,Paula Jean Swearengin,-0.82,-1.24,David McKinley,0.6897674507,Shelley Moore Capito,0.64,0.51,Challenger,Incumbent,0,1,0.2781398474618655,0.7218601525381345,WV,4945799.43,2064982.41,3165676.34,1998997.19,01/01/2019,07/01/2019,12/31/2020,12/31/2020,2076586.25,847166.46,358332.52,1167977.65,2434918.77,2015144.11,4552218.77,2029994.3,20.92,1728,F,F,M,F,WV-Sen02
West Virginia,WV-02,Cathy Kunkel,0.3692352213,Paula Jean Swearengin,-0.84,-1.24,Alex Mooney,0.6307647787,Shelley Moore Capito,1.02,0.51,Challenger,Incumbent,0,1,0.29524033756888596,0.704759662431114,WV,4945799.43,2064982.41,3165676.34,1998997.19,01/01/2019,07/01/2019,12/31/2020,12/31/2020,2076586.25,847166.46,358332.52,1167977.65,2434918.77,2015144.11,4552218.77,2029994.3,20.92,1728,F,F,M,F,WV-Sen02
West Virginia,WV-03,Hilary Turner,0.2866382355,Paula Jean Swearengin,-1.22,-1.24,Carol Miller,0.7133617645,Shelley Moore Capito,0.78,0.51,Challenger,Incumbent,0,1,0.2559510610823431,0.7440489389176569,WV,4945799.43,2064982.41,3165676.34,1998997.19,01/01/2019,07/01/2019,12/31/2020,12/31/2020,2076586.25,847166.46,358332.52,1167977.65,2434918.77,2015144.11,4552218.77,2029994.3,20.92,1728,F,F,F,F,WV-Sen02
Idaho,ID-01,Rudy Soto,0.2971618308,Paulette Jordan,-0.83,-0.55,Russ Fulcher,0.7028381692,Jim Risch,1.33,0.79,Challenger,Incumbent,0,1,0.3134374662781914,0.6865625337218085,ID,2937292.77,1124856.87,1835042.23,1109703.93,01/01/2019,01/01/2020,12/31/2020,12/31/2020,1239033.95,988009.4,396553.08,117708.84,1635587.03,1105718.24,2831348.76,1124854.87,30410.67,2,M,F,M,M,ID-Sen02
Idaho,ID-02,Aaron Swisher,0.3312283229,Paulette Jordan,-0.59,-0.55,Mike Simpson,0.6687716771,Jim Risch,0.93,0.79,Challenger,Incumbent,0,1,0.3858875239134216,0.6141124760865785,ID,2937292.77,1124856.87,1835042.23,1109703.93,01/01/2019,01/01/2020,12/31/2020,12/31/2020,1239033.95,988009.4,396553.08,117708.84,1635587.03,1105718.24,2831348.76,1124854.87,30410.67,2,M,F,M,M,ID-Sen02
Illinois,IL-01,Bobby Rush,0.7383543096,Dick Durbin,-1.05,-1.09,Philanise White,0.2616456904,Mark Curran,1.18,1.47,Incumbent,Challenger,1,0,0.7544920720325754,0.2455079279674246,IL,376608.19,7326799.36,376608.19,8263750.73,07/01/2019,01/01/2019,12/31/2020,12/31/2020,196983,2770377.2,138707.12,925636.3,335690.12,3696013.5,355702.81,5357234.75,900,25169.58,M,M,F,M,IL-Sen02
Illinois,IL-02,Robin Kelly,0.7881411095,Dick Durbin,-0.75,-1.09,Theresa Raborn,0.2118588905,Mark Curran,1.17,1.47,Incumbent,Challenger,1,0,0.7915645716519099,0.20843542834809017,IL,376608.19,7326799.36,376608.19,8263750.73,07/01/2019,01/01/2019,12/31/2020,12/31/2020,196983,2770377.2,138707.12,925636.3,335690.12,3696013.5,355702.81,5357234.75,900,25169.58,M,M,F,F,IL-Sen02
Illinois,IL-03,Marie Newman,0.5637872823,Dick Durbin,-0.93,-1.09,Mike Fricilone,0.4362127177,Mark Curran,0.89,1.47,Incumbent,Challenger,0,0,0.6007427885099274,0.39925721149007265,IL,376608.19,7326799.36,376608.19,8263750.73,07/01/2019,01/01/2019,12/31/2020,12/31/2020,196983,2770377.2,138707.12,925636.3,335690.12,3696013.5,355702.81,5357234.75,900,25169.58,M,M,M,F,IL-Sen02
Illinois,IL-04,Chuy Garcia,0.8405383928,Dick Durbin,-1.34,-1.09,Jesus Solorio,0.1594616072,Mark Curran,1.12,1.47,Incumbent,Challenger,1,0,0.8512598928595049,0.14874010714049513,IL,376608.19,7326799.36,376608.19,8263750.73,07/01/2019,01/01/2019,12/31/2020,12/31/2020,196983,2770377.2,138707.12,925636.3,335690.12,3696013.5,355702.81,5357234.75,900,25169.58,M,M,M,M,IL-Sen02
Illinois,IL-05,Mike Quigley,0.7265965822,Dick Durbin,-0.9,-1.09,Tommy Hanson,0.2734034178,Mark Curran,1.11,1.47,Incumbent,Challenger,1,0,0.7394958905312133,0.2605041094687867,IL,376608.19,7326799.36,376608.19,8263750.73,07/01/2019,01/01/2019,12/31/2020,12/31/2020,196983,2770377.2,138707.12,925636.3,335690.12,3696013.5,355702.81,5357234.75,900,25169.58,M,M,M,M,IL-Sen02
Illinois,IL-06,Sean Casten,0.5375765714,Dick Durbin,-1.01,-1.09,Jeanne Ives,0.4624234286,Mark Curran,1.21,1.47,Incumbent,Challenger,1,0,0.5369617291515792,0.4630382708484207,IL,376608.19,7326799.36,376608.19,8263750.73,07/01/2019,01/01/2019,12/31/2020,12/31/2020,196983,2770377.2,138707.12,925636.3,335690.12,3696013.5,355702.81,5357234.75,900,25169.58,M,M,F,M,IL-Sen02
Illinois,IL-07,Danny Davis,0.8576552844,Dick Durbin,-1.17,-1.09,Craig Cameron,0.1423447156,Mark Curran,1.14,1.47,Incumbent,Challenger,1,0,0.8647487251733191,0.13525127482668087,IL,376608.19,7326799.36,376608.19,8263750.73,07/01/2019,01/01/2019,12/31/2020,12/31/2020,196983,2770377.2,138707.12,925636.3,335690.12,3696013.5,355702.81,5357234.75,900,25169.58,M,M,M,M,IL-Sen02
Illinois,IL-08,Raja Krishnamoorthi,1,Dick Durbin,-0.84,-1.09,NA,NA,NA,NA,NA,Incumbent,Challenger,1,NA,0.6104031661810116,0.3895968338189884,NA,NA,NA,NA,NA,NA,NA,NA,NA,NA,NA,NA,NA,NA,NA,NA,NA,NA,NA,NA,M,NA,M,IL-Sen02
Illinois,IL-09,Jan Schakowsky,0.7098220332,Dick Durbin,-1.28,-1.09,Sargis Sangari,0.2901779668,Mark Curran,1.14,1.47,Incumbent,Challenger,1,0,0.7170614603704761,0.2829385396295238,IL,376608.19,7326799.36,376608.19,8263750.73,07/01/2019,01/01/2019,12/31/2020,12/31/2020,196983,2770377.2,138707.12,925636.3,335690.12,3696013.5,355702.81,5357234.75,900,25169.58,M,M,M,F,IL-Sen02
Illinois,IL-10,Brad Schneider,0.6388064789,Dick Durbin,-0.6,-1.09,Valerie Mukherjee,0.3611935211,Mark Curran,0.94,1.47,Incumbent,Challenger,1,0,0.6273311834641386,0.37266881653586137,IL,376608.19,7326799.36,376608.19,8263750.73,07/01/2019,01/01/2019,12/31/2020,12/31/2020,196983,2770377.2,138707.12,925636.3,335690.12,3696013.5,355702.81,5357234.75,900,25169.58,M,M,F,M,IL-Sen02
Illinois,IL-11,Bill Foster,0.6329856457,Dick Durbin,-0.78,-1.09,Rick Laib,0.3670143543,Mark Curran,1.5,1.47,Incumbent,Challenger,1,0,0.6236757834041194,0.37632421659588056,IL,376608.19,7326799.36,376608.19,8263750.73,07/01/2019,01/01/2019,12/31/2020,12/31/2020,196983,2770377.2,138707.12,925636.3,335690.12,3696013.5,355702.81,5357234.75,900,25169.58,M,M,M,M,IL-Sen02
Illinois,IL-12,Raymond Lenzi,0.3956906605,Dick Durbin,-1.18,-1.09,Mike Bost,0.6043093395,Mark Curran,0.81,1.47,Incumbent,Challenger,0,1,0.4546263993586636,0.5453736006413364,IL,376608.19,7326799.36,376608.19,8263750.73,07/01/2019,01/01/2019,12/31/2020,12/31/2020,196983,2770377.2,138707.12,925636.3,335690.12,3696013.5,355702.81,5357234.75,900,25169.58,M,M,M,M,IL-Sen02
Illinois,IL-13,Betsy Dirksen Londrigan,0.4553706823,Dick Durbin,-0.64,-1.09,Rodney Davis,0.5446293177,Mark Curran,0.76,1.47,Incumbent,Challenger,0,1,0.49644779787622695,0.503552202123773,IL,376608.19,7326799.36,376608.19,8263750.73,07/01/2019,01/01/2019,12/31/2020,12/31/2020,196983,2770377.2,138707.12,925636.3,335690.12,3696013.5,355702.81,5357234.75,900,25169.58,M,M,M,F,IL-Sen02
Illinois,IL-14,Lauren Underwood,0.506700013,Dick Durbin,-0.44,-1.09,Jim Oberweis,0.493299987,Mark Curran,1.3,1.47,Incumbent,Challenger,1,0,0.49789008005959823,0.5021099199404018,IL,376608.19,7326799.36,376608.19,8263750.73,07/01/2019,01/01/2019,12/31/2020,12/31/2020,196983,2770377.2,138707.12,925636.3,335690.12,3696013.5,355702.81,5357234.75,900,25169.58,M,M,M,F,IL-Sen02
Illinois,IL-15,Erika Weaver,0.2655394506,Dick Durbin,-0.82,-1.09,Mary Miller,0.7344605494,Mark Curran,1.19,1.47,Incumbent,Challenger,0,0,0.2995362812237814,0.7004637187762186,IL,376608.19,7326799.36,376608.19,8263750.73,07/01/2019,01/01/2019,12/31/2020,12/31/2020,196983,2770377.2,138707.12,925636.3,335690.12,3696013.5,355702.81,5357234.75,900,25169.58,M,M,F,F,IL-Sen02
Illinois,IL-16,Dani Brzozowski,0.3528383685,Dick Durbin,-0.95,-1.09,Adam Kinzinger,0.6471616315,Mark Curran,0.96,1.47,Incumbent,Challenger,0,1,0.4299114607768836,0.5700885392231164,IL,376608.19,7326799.36,376608.19,8263750.73,07/01/2019,01/01/2019,12/31/2020,12/31/2020,196983,2770377.2,138707.12,925636.3,335690.12,3696013.5,355702.81,5357234.75,900,25169.58,M,M,M,F,IL-Sen02
Illinois,IL-17,Cheri Bustos,0.5202551738,Dick Durbin,-0.39,-1.09,Esther Joy King,0.4797448262,Mark Curran,0.96,1.47,Incumbent,Challenger,1,0,0.5063652766639936,0.4936347233360064,IL,376608.19,7326799.36,376608.19,8263750.73,07/01/2019,01/01/2019,12/31/2020,12/31/2020,196983,2770377.2,138707.12,925636.3,335690.12,3696013.5,355702.81,5357234.75,900,25169.58,M,M,F,F,IL-Sen02
Illinois,IL-18,George Petrilli,0.2959000105,Dick Durbin,NA,-1.09,Darin LaHood,0.7040999895,Mark Curran,0.77,1.47,Incumbent,Challenger,0,1,0.3873396822293369,0.6126603177706631,IL,376608.19,7326799.36,376608.19,8263750.73,07/01/2019,01/01/2019,12/31/2020,12/31/2020,196983,2770377.2,138707.12,925636.3,335690.12,3696013.5,355702.81,5357234.75,900,25169.58,M,M,M,M,IL-Sen02
Maine,ME-01,Chellie Pingree,0.6215517004,Sara Gideon,-0.85,-0.64,Jay Allen,0.3784482996,Susan Collins,1.43,0.14,Challenger,Incumbent,1,0,0.5250274954695648,0.4749725045304352,ME,27867541.38,75629137.16,29200073.67,64069682.74,01/01/2019,06/20/2019,12/31/2020,12/31/2020,17906545.27,43000256.41,5200328.95,30418031.84,23106874.22,73418288.25,25685278.84,74157397.57,57110.37,452.05,F,F,M,F,ME-Sen02
Maine,ME-02,Jared Golden,0.5304741132,Sara Gideon,-0.25,-0.64,Dale Crafts,0.4695258868,Susan Collins,1.17,0.14,Challenger,Incumbent,1,0,0.3758536081482257,0.6241463918517743,ME,27867541.38,75629137.16,29200073.67,64069682.74,01/01/2019,06/20/2019,12/31/2020,12/31/2020,17906545.27,43000256.41,5200328.95,30418031.84,23106874.22,73418288.25,25685278.84,74157397.57,57110.37,452.05,F,F,M,M,ME-Sen02
Montana,MT-00,Kathleen Williams,0.4361364502,Steve Bullock,-0.48,-0.74,Matt Rosendale,0.5638635498,Steve Daines,1.11,0.92,Challenger,Incumbent,0,0,0.4498783925024396,0.5501216074975604,MT,31883793.77,49522119.85,33226187.14,48572769.71,01/01/2019,03/09/2020,12/31/2020,12/31/2020,15295018.66,28110232.36,11798007.86,18094779.04,27093026.52,46205011.4,30395703.77,46912084.97,73677.64,67843.77,M,M,M,F,MT-Sen02
Iowa,IA-01,Abby Finkenauer,0.4870100499,Theresa Greenfield,-0.23,-0.61,Ashley Hinson,0.5129899501,Joni Ernst,0.9,0.83,Challenger,Incumbent,1,0,0.489386474707748,0.510613525292252,IA,27693029.26,56358302.21,28527764.02,56328075.88,01/01/2019,04/01/2019,12/31/2020,12/31/2020,12954382.9,33261339.18,8838830.09,19708750.16,21793212.99,52970089.34,24562121.52,54000719.8,8.11,95,F,F,F,F,IA-Sen02
Iowa,IA-02,Rita Hart,0.4999542852,Theresa Greenfield,-0.31,-0.61,Mariannette Miller-Meeks,0.5000457148,Joni Ernst,1.04,0.83,Challenger,Incumbent,0,0,0.4919100865729112,0.5080899134270888,IA,27693029.26,56358302.21,28527764.02,56328075.88,01/01/2019,04/01/2019,12/31/2020,12/31/2020,12954382.9,33261339.18,8838830.09,19708750.16,21793212.99,52970089.34,24562121.52,54000719.8,8.11,95,F,F,F,F,IA-Sen02
Iowa,IA-03,Cindy Axne,0.507181827,Theresa Greenfield,-0.23,-0.61,David Young,0.492818173,Joni Ernst,0.97,0.83,Challenger,Incumbent,1,0,0.4971467400567698,0.5028532599432303,IA,27693029.26,56358302.21,28527764.02,56328075.88,01/01/2019,04/01/2019,12/31/2020,12/31/2020,12954382.9,33261339.18,8838830.09,19708750.16,21793212.99,52970089.34,24562121.52,54000719.8,8.11,95,F,F,M,F,IA-Sen02
Iowa,IA-04,J.D. Scholten,0.3788265773,Theresa Greenfield,-0.7,-0.61,Randy Feenstra,0.6211734227,Joni Ernst,1.06,0.83,Challenger,Incumbent,0,0,0.3784115631209536,0.6215884368790464,IA,27693029.26,56358302.21,28527764.02,56328075.88,01/01/2019,04/01/2019,12/31/2020,12/31/2020,12954382.9,33261339.18,8838830.09,19708750.16,21793212.99,52970089.34,24562121.52,54000719.8,8.11,95,F,F,M,M,IA-Sen02
Minnesota,MN-01,Dan Feehan,0.48366001774582,Tina Smith,-0.37,-0.82,Jim Hagedorn,0.5163399822541801,Jason Lewis,0.75,1.5,Incumbent,Challenger,0,1,0.45700617082311296,0.542993829176887,MN,7091526.74,16468404.53,6731001.81,16100431.77,01/01/2019,01/01/2019,12/31/2020,12/31/2020,3603665.84,8133912.96,3189382.08,5222884.81,6793047.92,13356797.77,7033172.91,15798651.46,0,4182.27,M,F,M,M,MN-Sen02
Minnesota,MN-02,Angie Craig,0.5119903476449856,Tina Smith,-0.17,-0.82,Tyler Kistner,0.4880096523550144,Jason Lewis,1.1,1.5,Incumbent,Challenger,1,0,0.5181358295563535,0.4818641704436464,MN,7091526.74,16468404.53,6731001.81,16100431.77,01/01/2019,01/01/2019,12/31/2020,12/31/2020,3603665.84,8133912.96,3189382.08,5222884.81,6793047.92,13356797.77,7033172.91,15798651.46,0,4182.27,M,F,M,F,MN-Sen02
Minnesota,MN-03,Dean Phillips,0.5564426076775753,Tina Smith,-0.54,-0.82,Kendall Qualls,0.4435573923224247,Jason Lewis,1.03,1.5,Incumbent,Challenger,1,0,0.5695895612053635,0.4304104387946364,MN,7091526.74,16468404.53,6731001.81,16100431.77,01/01/2019,01/01/2019,12/31/2020,12/31/2020,3603665.84,8133912.96,3189382.08,5222884.81,6793047.92,13356797.77,7033172.91,15798651.46,0,4182.27,M,F,M,M,MN-Sen02
Minnesota,MN-04,Betty Mccollum,0.6855886183805011,Tina Smith,-0.91,-0.82,Gene Rechtzigel,0.31441138161949894,Jason Lewis,1.5,1.5,Incumbent,Challenger,1,0,0.6718963596605834,0.32810364033941664,MN,7091526.74,16468404.53,6731001.81,16100431.77,01/01/2019,01/01/2019,12/31/2020,12/31/2020,3603665.84,8133912.96,3189382.08,5222884.81,6793047.92,13356797.77,7033172.91,15798651.46,0,4182.27,M,F,M,F,MN-Sen02
Minnesota,MN-05,Ilhan Omar,0.7132736160890965,Tina Smith,-1.62,-0.82,Lacy Johnson,0.2867263839109035,Jason Lewis,1.25,1.5,Incumbent,Challenger,1,0,0.8002081221850661,0.19979187781493385,MN,7091526.74,16468404.53,6731001.81,16100431.77,01/01/2019,01/01/2019,12/31/2020,12/31/2020,3603665.84,8133912.96,3189382.08,5222884.81,6793047.92,13356797.77,7033172.91,15798651.46,0,4182.27,M,F,F,F,MN-Sen02
Minnesota,MN-06,Tawnja Zahradka,0.34208046552067495,Tina Smith,-0.76,-0.82,Tom Emmer,0.657919534479325,Jason Lewis,0.78,1.5,Incumbent,Challenger,0,1,0.3922277416092865,0.6077722583907136,MN,7091526.74,16468404.53,6731001.81,16100431.77,01/01/2019,01/01/2019,12/31/2020,12/31/2020,3603665.84,8133912.96,3189382.08,5222884.81,6793047.92,13356797.77,7033172.91,15798651.46,0,4182.27,M,F,M,F,MN-Sen02
Minnesota,MN-07,Collin C Peterson,0.4273751423698607,Tina Smith,-0.01,-0.82,Michelle Fischbach,0.5726248576301394,Jason Lewis,1.28,1.5,Incumbent,Challenger,1,0,0.366151873790672,0.633848126209328,MN,7091526.74,16468404.53,6731001.81,16100431.77,01/01/2019,01/01/2019,12/31/2020,12/31/2020,3603665.84,8133912.96,3189382.08,5222884.81,6793047.92,13356797.77,7033172.91,15798651.46,0,4182.27,M,F,F,M,MN-Sen02
Minnesota,MN-08,Quinn Nystrom,0.39821969645959304,Tina Smith,-0.82,-0.82,Pete Stauber,0.601780303540407,Jason Lewis,0.71,1.5,Incumbent,Challenger,0,1,0.4331793176896002,0.5668206823103997,MN,7091526.74,16468404.53,6731001.81,16100431.77,01/01/2019,01/01/2019,12/31/2020,12/31/2020,3603665.84,8133912.96,3189382.08,5222884.81,6793047.92,13356797.77,7033172.91,15798651.46,0,4182.27,M,F,M,F,MN-Sen02
Georgia,GA-01,Joyce Marie Griggs,0.4165077996,RAPHAEL WARNOCK,NA,-0.99,Buddy Carter,0.5834922004,KELLY LOEFFLER,1.11,1.25,Challenger,Incumbent,0,1,0.4902534969837485,0.5097465030162515,GA,92213280.74,125359128.37,70957315.59,102596142.94,12/04/2019,01/30/2020,12/16/2020,12/16/2020,35987830.87,57386035.2,19691228.45,60243180.52,55679059.32,117629215.72,58687253.09,118398495.18,30010,0,F,M,M,F,GA-Sen03
Georgia,GA-02,Sanford Bishop,0.59116099,RAPHAEL WARNOCK,-0.67,-0.99,Donald Cole,0.40883901,KELLY LOEFFLER,1.38,1.25,Challenger,Incumbent,1,0,0.630719883801858,0.3692801161981421,GA,92213280.74,125359128.37,70957315.59,102596142.94,12/04/2019,01/30/2020,12/16/2020,12/16/2020,35987830.87,57386035.2,19691228.45,60243180.52,55679059.32,117629215.72,58687253.09,118398495.18,30010,0,F,M,M,M,GA-Sen03
Georgia,GA-03,Val Almonord,0.3495440566,RAPHAEL WARNOCK,-0.83,-0.99,Drew Ferguson,0.6504559434,KELLY LOEFFLER,1.09,1.25,Challenger,Incumbent,0,1,0.4273394600956624,0.5726605399043375,GA,92213280.74,125359128.37,70957315.59,102596142.94,12/04/2019,01/30/2020,12/16/2020,12/16/2020,35987830.87,57386035.2,19691228.45,60243180.52,55679059.32,117629215.72,58687253.09,118398495.18,30010,0,F,M,M,M,GA-Sen03
Georgia,GA-04,Hank Johnson,0.8007660085,RAPHAEL WARNOCK,-1.06,-0.99,Johsie Cruz,0.1992339915,KELLY LOEFFLER,1.64,1.25,Challenger,Incumbent,1,0,0.8354510432856056,0.16454895671439437,GA,92213280.74,125359128.37,70957315.59,102596142.94,12/04/2019,01/30/2020,12/16/2020,12/16/2020,35987830.87,57386035.2,19691228.45,60243180.52,55679059.32,117629215.72,58687253.09,118398495.18,30010,0,F,M,F,M,GA-Sen03
Georgia,GA-05,Nikema Williams,0.8514934993,RAPHAEL WARNOCK,-1.12,-0.99,Angela Stanton King,0.1485065007,KELLY LOEFFLER,NA,1.25,Challenger,Incumbent,0,0,0.8938390891460165,0.10616091085398344,GA,92213280.74,125359128.37,70957315.59,102596142.94,12/04/2019,01/30/2020,12/16/2020,12/16/2020,35987830.87,57386035.2,19691228.45,60243180.52,55679059.32,117629215.72,58687253.09,118398495.18,30010,0,F,M,F,F,GA-Sen03
Georgia,GA-06,Lucy McBath,0.5458897417,RAPHAEL WARNOCK,-0.53,-0.99,Karen Handel,0.4541102583,KELLY LOEFFLER,0.94,1.25,Challenger,Incumbent,1,0,0.5750160502713955,0.4249839497286045,GA,92213280.74,125359128.37,70957315.59,102596142.94,12/04/2019,01/30/2020,12/16/2020,12/16/2020,35987830.87,57386035.2,19691228.45,60243180.52,55679059.32,117629215.72,58687253.09,118398495.18,30010,0,F,M,F,F,GA-Sen03
Georgia,GA-07,Carolyn Bourdeaux,0.5139125191,RAPHAEL WARNOCK,-0.8,-0.99,Rich McCormick,0.4860874809,KELLY LOEFFLER,1.32,1.25,Challenger,Incumbent,0,0,0.5468289984435651,0.4531710015564348,GA,92213280.74,125359128.37,70957315.59,102596142.94,12/04/2019,01/30/2020,12/16/2020,12/16/2020,35987830.87,57386035.2,19691228.45,60243180.52,55679059.32,117629215.72,58687253.09,118398495.18,30010,0,F,M,M,F,GA-Sen03
Georgia,GA-08,Lindsay Holliday,0.3547935642,RAPHAEL WARNOCK,-0.8,-0.99,Austin Scott,0.6452064358,KELLY LOEFFLER,1.11,1.25,Challenger,Incumbent,0,1,0.40827374576614656,0.5917262542338535,GA,92213280.74,125359128.37,70957315.59,102596142.94,12/04/2019,01/30/2020,12/16/2020,12/16/2020,35987830.87,57386035.2,19691228.45,60243180.52,55679059.32,117629215.72,58687253.09,118398495.18,30010,0,F,M,M,M,GA-Sen03
Georgia,GA-09,Devin Pandy,0.2141931085,RAPHAEL WARNOCK,-1.08,-0.99,Andrew Clyde,0.7858068915,KELLY LOEFFLER,1.49,1.25,Challenger,Incumbent,0,0,0.32936503108537224,0.6706349689146278,GA,92213280.74,125359128.37,70957315.59,102596142.94,12/04/2019,01/30/2020,12/16/2020,12/16/2020,35987830.87,57386035.2,19691228.45,60243180.52,55679059.32,117629215.72,58687253.09,118398495.18,30010,0,F,M,M,M,GA-Sen03
Georgia,GA-10,Tabitha Johnson-Green,0.3768992142,RAPHAEL WARNOCK,-1.16,-0.99,Jody Hice,0.6231007858,KELLY LOEFFLER,1.8,1.25,Challenger,Incumbent,0,1,0.43237397673416633,0.5676260232658337,GA,92213280.74,125359128.37,70957315.59,102596142.94,12/04/2019,01/30/2020,12/16/2020,12/16/2020,35987830.87,57386035.2,19691228.45,60243180.52,55679059.32,117629215.72,58687253.09,118398495.18,30010,0,F,M,M,F,GA-Sen03
Georgia,GA-11,Dana Barrett,0.3957381702,RAPHAEL WARNOCK,-0.68,-0.99,Barry Loudermilk,0.6042618298,KELLY LOEFFLER,1.43,1.25,Challenger,Incumbent,0,1,0.45681390090482227,0.5431860990951778,GA,92213280.74,125359128.37,70957315.59,102596142.94,12/04/2019,01/30/2020,12/16/2020,12/16/2020,35987830.87,57386035.2,19691228.45,60243180.52,55679059.32,117629215.72,58687253.09,118398495.18,30010,0,F,M,M,F,GA-Sen03
Georgia,GA-12,Elizabeth Johnson,0.4161928932,RAPHAEL WARNOCK,-0.69,-0.99,Rick Allen,0.5838071068,KELLY LOEFFLER,1.08,1.25,Challenger,Incumbent,0,1,0.46962559611953875,0.5303744038804613,GA,92213280.74,125359128.37,70957315.59,102596142.94,12/04/2019,01/30/2020,12/16/2020,12/16/2020,35987830.87,57386035.2,19691228.45,60243180.52,55679059.32,117629215.72,58687253.09,118398495.18,30010,0,F,M,M,F,GA-Sen03
Georgia,GA-13,David Scott,0.774004843,RAPHAEL WARNOCK,-0.4,-0.99,Becky Hites,0.225995157,KELLY LOEFFLER,1.15,1.25,Challenger,Incumbent,1,0,0.8013141820454647,0.1986858179545353,GA,92213280.74,125359128.37,70957315.59,102596142.94,12/04/2019,01/30/2020,12/16/2020,12/16/2020,35987830.87,57386035.2,19691228.45,60243180.52,55679059.32,117629215.72,58687253.09,118398495.18,30010,0,F,M,F,M,GA-Sen03
Georgia,GA-14,Kevin Van Ausdal,0.2528988216,RAPHAEL WARNOCK,-0.92,-0.99,Marjorie Taylor Greene,0.7471011784,KELLY LOEFFLER,1.62,1.25,Challenger,Incumbent,0,0,0.2661642838975281,0.7338357161024719,GA,92213280.74,125359128.37,70957315.59,102596142.94,12/04/2019,01/30/2020,12/16/2020,12/16/2020,35987830.87,57386035.2,19691228.45,60243180.52,55679059.32,117629215.72,58687253.09,118398495.18,30010,0,F,M,F,M,GA-Sen03
Arizona,AZ-01,TOM O'HALLERAN,0.5161017,MARK KELLY,-0.15,-0.41,TIFFANY SHEDD,0.4838983,MARTHA MCSALLY,1.11,0.56,Challenger,Incumbent,1,0,0.521076184827735,0.47892381517226507,AZ,73553299.4,101106583.88,74361789.18,99704060.42,01/01/2019,01/01/2019,12/31/2020,12/31/2020,41330733.75,50903149.8,26890386.36,47330085.64,68221120.11,98233235.44,70995861.13,99070626.44,628843.09,0,F,M,F,M,AZ-Sen03
Arizona,AZ-02,ANN KIRKPATRICK,0.5511525,MARK KELLY,-0.68,-0.41,BRANDON MARTIN,0.4488475,MARTHA MCSALLY,1.66,0.56,Challenger,Incumbent,1,0,0.5571965877050361,0.4428034122949639,AZ,73553299.4,101106583.88,74361789.18,99704060.42,01/01/2019,01/01/2019,12/31/2020,12/31/2020,41330733.75,50903149.8,26890386.36,47330085.64,68221120.11,98233235.44,70995861.13,99070626.44,628843.09,0,F,M,M,F,AZ-Sen03
Arizona,AZ-03,RAUL GRIJALVA,0.6457343,MARK KELLY,-1.21,-0.41,DANIEL WOOD,0.3542657,MARTHA MCSALLY,1.16,0.56,Challenger,Incumbent,1,0,0.6549177710362446,0.3450822289637554,AZ,73553299.4,101106583.88,74361789.18,99704060.42,01/01/2019,01/01/2019,12/31/2020,12/31/2020,41330733.75,50903149.8,26890386.36,47330085.64,68221120.11,98233235.44,70995861.13,99070626.44,628843.09,0,F,M,M,M,AZ-Sen03
Arizona,AZ-04,DELINA DISANTO,0.3023544,MARK KELLY,-1.12,-0.41,PAUL GOSAR,0.6976456,MARTHA MCSALLY,1.75,0.56,Challenger,Incumbent,0,1,0.33010500260296444,0.6698949973970356,AZ,73553299.4,101106583.88,74361789.18,99704060.42,01/01/2019,01/01/2019,12/31/2020,12/31/2020,41330733.75,50903149.8,26890386.36,47330085.64,68221120.11,98233235.44,70995861.13,99070626.44,628843.09,0,F,M,M,F,AZ-Sen03
Arizona,AZ-05,JOAN GREENE,0.4110798,MARK KELLY,-1.01,-0.41,ANDY BIGGS,0.5889202,MARTHA MCSALLY,1.82,0.56,Challenger,Incumbent,0,1,0.4353746511733801,0.5646253488266199,AZ,73553299.4,101106583.88,74361789.18,99704060.42,01/01/2019,01/01/2019,12/31/2020,12/31/2020,41330733.75,50903149.8,26890386.36,47330085.64,68221120.11,98233235.44,70995861.13,99070626.44,628843.09,0,F,M,M,F,AZ-Sen03
Arizona,AZ-06,HIRAL TIPIRNENI,0.4782728,MARK KELLY,-0.82,-0.41,DAVID SCHWEIKERT,0.5217272,MARTHA MCSALLY,0.91,0.56,Challenger,Incumbent,0,1,0.4824905265908794,0.5175094734091206,AZ,73553299.4,101106583.88,74361789.18,99704060.42,01/01/2019,01/01/2019,12/31/2020,12/31/2020,41330733.75,50903149.8,26890386.36,47330085.64,68221120.11,98233235.44,70995861.13,99070626.44,628843.09,0,F,M,M,F,AZ-Sen03
Arizona,AZ-07,RUBEN GALLEGO,0.7671251,MARK KELLY,-1.16,-0.41,JOSHUA BARNETT,0.2328749,MARTHA MCSALLY,1.76,0.56,Challenger,Incumbent,1,0,0.7596980234590368,0.2403019765409632,AZ,73553299.4,101106583.88,74361789.18,99704060.42,01/01/2019,01/01/2019,12/31/2020,12/31/2020,41330733.75,50903149.8,26890386.36,47330085.64,68221120.11,98233235.44,70995861.13,99070626.44,628843.09,0,F,M,M,M,AZ-Sen03
Arizona,AZ-08,MICHAEL MUSCATO,0.404347,MARK KELLY,-0.92,-0.41,DEBBIE LESKO,0.595653,MARTHA MCSALLY,1.35,0.56,Challenger,Incumbent,0,1,0.4329251174713627,0.5670748825286372,AZ,73553299.4,101106583.88,74361789.18,99704060.42,01/01/2019,01/01/2019,12/31/2020,12/31/2020,41330733.75,50903149.8,26890386.36,47330085.64,68221120.11,98233235.44,70995861.13,99070626.44,628843.09,0,F,M,F,M,AZ-Sen03
Arizona,AZ-09,GREG STANTON,0.6162646,MARK KELLY,-0.57,-0.41,DAVE GILES,0.3837354,MARTHA MCSALLY,1.47,0.56,Challenger,Incumbent,1,0,0.6222159571468847,0.3777840428531153,AZ,73553299.4,101106583.88,74361789.18,99704060.42,01/01/2019,01/01/2019,12/31/2020,12/31/2020,41330733.75,50903149.8,26890386.36,47330085.64,68221120.11,98233235.44,70995861.13,99070626.44,628843.09,0,F,M,M,M,AZ-Sen03
