term,b0,b1,b1prior,count,party,political,demPolitical,repPolitical,interPartyPolitical,nWords,totCount,demCount,repCount,totCandN,demIncN,repIncN,demCandN,repCandN,maxCandN,secondCandN,maxGap,maxGap2ndRatio,maxToTotalMinusMaxRatio,outlierCapped,maxDemCandN,secondDemCandN,maxDemGap,maxDemGap2ndRatio,maxDemToTotalMinusMaxRatio,outlierCappedDem,maxRepCandN,secondRepCandN,maxRepGap,maxRepToTotalMinusMaxRatio,maxRepGap2ndRatio,outlierCappedRep,bParty,tParty,bDemRCCount,tDemRCCount,bRepRCCount,tRepRCCount,numChar
criminal_justice_reform,-3.98,-1.44,0,189,D,1,1,0,1,3,224,189,33,160,23,3,133,26,4,4,0,0,0.018,0,4,4,0,0,0.022,0,4,3,1,0.138,0.333,0,-0.1,-2.28,-1.24,-2.45,-1.225,-0.6,23
low_income_communities,-5.71,-2.32,0,92,D,1,1,0,1,3,96,92,4,62,12,0,59,3,14,4,10,2.5,0.171,0,14,4,10,2.5,0.179,0,2,1,1,1,1,0,-0.06,-2.42,-2.21,-2.82,0,0,22
greenhouse_gas_emissions,-3.81,-1.11,0,71,D,1,1,0,1,3,76,71,5,56,20,1,51,5,6,3,3,1,0.086,0,6,3,3,1,0.092,0,1,1,0,0.25,0,0,-0.1,-2.4,-0.9,-1.65,116.479,0,24
social_safety_net,-6.74,-2.99,0,57,D,1,1,0,1,3,63,57,6,47,10,0,41,6,7,3,4,1.333,0.125,0,7,3,4,1.333,0.14,0,1,1,0,0.2,0,0,-0.04,-1.71,-2.86,-3.13,0,0,17
national_defense,-1.7,0.95,0,79,D,1,1,1,1,2,234,79,155,169,30,53,52,117,5,5,0,0,0.022,0,4,4,0,0,0.053,0,5,5,0,0.033,0,0,0.35,4.95,1.29,2.73,1.211,2.58,16
national_debt,-2.59,1.33,0,94,D,1,1,1,1,2,370,94,275,218,12,53,58,159,20,14,6,0.429,0.057,0,6,5,1,0.2,0.068,0,20,14,6,0.078,0.429,0,0.43,7.75,1.71,1.96,1.054,2.25,13
democratic_party,-4.04,-1.22,0,146,D,1,1,0,1,2,202,146,54,129,19,1,93,35,14,6,8,1.333,0.074,0,14,4,10,2.5,0.106,0,6,4,2,0.125,0.5,0,-0.11,-2.79,-1.09,-1.79,-0.674,-0.18,16
wage_usd15,-3.78,-1.36,0,137,D,1,1,0,1,2,141,137,2,124,38,0,120,2,4,2,2,1,0.029,0,4,2,2,1,0.03,0,1,1,0,1,0,0,-0.13,-3.55,-1.14,-2.4,0,0,10
black_women,-6.28,-3.07,0,67,D,1,1,0,1,2,69,67,2,50,14,0,48,2,5,4,1,0.25,0.078,0,5,4,1,0.25,0.081,0,1,1,0,1,0,0,-0.08,-2.05,-3.03,-4.33,0,0,11
criminal_justice,-2.9,-1.14,0,485,D,1,1,0,1,2,548,485,59,277,47,2,236,39,14,8,6,0.75,0.026,0,14,8,6,0.75,0.03,0,5,4,1,0.093,0.25,0,-0.26,-3.73,-0.92,-2.71,-2.474,-1.07,16
justice_system,-2.74,-0.99,0,489,D,1,1,0,1,2,529,489,36,260,46,2,230,28,11,11,0,0,0.021,0,11,11,0,0,0.023,0,3,2,1,0.091,0.5,0,-0.24,-3.2,-0.75,-2.25,-3.876,-2.11,14
income_inequality,-6.15,-2.66,0,126,D,1,1,0,1,2,135,126,9,92,14,1,86,6,7,6,1,0.167,0.055,0,7,6,1,0.167,0.059,0,2,2,0,0.286,0,0,-0.05,-2.32,-2.58,-3.16,-6.074,-1.96,17
communities_color,-4.27,-2.01,0,274,D,1,1,0,1,2,277,274,2,130,27,0,127,2,27,10,17,1.7,0.108,0,27,10,17,1.7,0.109,0,1,1,0,1,0,0,-0.14,-2.53,-1.79,-4.07,0,0,17
president_trump,-1.09,0.1,0,333,D,1,1,1,1,2,1287,333,949,455,65,73,137,316,25,21,4,0.19,0.02,0,21,17,4,0.235,0.067,0,25,17,8,0.027,0.471,0,0.71,3.9,0.45,1.87,0.666,2.27,15
raise_wage,-4.39,-1.71,0,54,D,1,1,0,1,2,55,54,1,45,25,0,44,1,3,2,1,0.5,0.058,0,3,2,1,0.5,0.059,0,1,0,1,0,0,0,-0.08,-2.18,-1.42,-2.63,0,0,10
student_debt,-3.9,-1.58,0,313,D,1,1,0,1,2,360,313,47,220,31,3,188,32,10,7,3,0.429,0.029,0,10,7,3,0.429,0.033,0,6,4,2,0.146,0.5,0,-0.08,-1.82,-1.28,-2.83,-1.599,-0.79,12
workers_rights,-4.88,-1.87,0,123,D,1,1,0,1,2,124,123,1,86,15,0,85,1,4,4,0,0,0.033,0,4,4,0,0,0.034,0,1,0,1,0,0,0,-0.06,-1.71,-1.63,-2.54,0,0,14
mental_illness,-4.26,-1.28,0,116,D,1,1,0,1,2,171,116,53,114,17,1,75,38,11,7,4,0.571,0.069,0,11,7,4,0.571,0.105,0,4,3,1,0.082,0.333,0,-0.07,-1.65,-1.05,-1.67,-3.938,-1.43,14
wasteful_spending,-2.57,1.97,0,22,D,1,1,1,1,2,109,22,87,88,8,32,17,71,3,3,0,0,0.028,0,3,2,1,0.5,0.158,0,3,2,1,0.036,0.5,0,0.22,5.16,2.11,1.99,1.447,2.31,17
affordable_housing,-3.07,-1.76,0,549,D,1,1,0,1,2,594,549,45,259,51,0,232,27,20,19,1,0.053,0.035,0,20,19,1,0.053,0.038,0,6,4,2,0.154,0.5,0,-0.3,-2.16,-1.48,-5.44,0,0,18
climate_crisis,-3.58,-1.68,0,295,D,1,1,0,1,2,298,295,1,156,34,1,154,1,12,11,1,0.091,0.042,0,12,11,1,0.091,0.042,0,1,0,1,0,0,0,-0.26,-2.85,-1.54,-4.12,-0.446,-0.12,14
vulnerable_communities,-5.63,-2.49,0,86,D,1,1,0,1,2,91,86,5,61,17,1,58,3,8,6,2,0.333,0.096,0,8,6,2,0.333,0.103,0,3,1,2,1.5,2,0,-0.08,-2.64,-2.39,-3.49,-0.121,-0.03,22
housing_crisis,-6.02,-2.41,0,83,D,1,1,0,1,2,92,83,9,60,9,0,53,7,7,4,3,0.75,0.082,0,7,4,3,0.75,0.092,0,2,2,0,0.286,0,0,-0.06,-2.21,-2.35,-2.66,0,0,14
right_vote,-3.33,-1.03,0,209,D,1,1,1,1,2,233,209,24,140,32,3,128,12,8,8,0,0,0.036,0,8,6,2,0.333,0.04,0,8,4,4,0.5,1,0,-0.13,-2.39,-0.81,-1.82,-6.03,-3.66,10
attend_college,-4.51,-1.45,0,67,D,1,1,0,1,2,82,67,15,75,20,3,61,14,2,2,0,0,0.025,0,2,2,0,0,0.031,0,2,1,1,0.154,1,0,-0.06,-2.04,-1.25,-1.91,-0.944,-0.45,14
environmental_justice,-4.77,-1.84,0,125,D,1,1,0,1,2,126,125,1,78,16,0,77,1,7,4,3,0.75,0.059,0,7,4,3,0.75,0.059,0,1,0,1,0,0,0,-0.1,-2.6,-1.69,-2.72,0,0,21
healthcare_decisions,-1.69,1.49,0,75,D,1,1,1,1,2,132,75,57,104,26,20,60,44,3,3,0,0,0.023,0,3,3,0,0,0.042,0,3,2,1,0.056,0.5,0,0.11,2.21,1.81,3.08,1.282,1.7,20
racial_justice,-6.27,-2.71,0,80,D,1,1,0,1,2,82,80,2,61,12,0,59,2,4,3,1,0.333,0.051,0,4,3,1,0.333,0.053,0,1,1,0,1,0,0,-0.05,-1.93,-2.58,-3.07,0,0,14
qualified_immunity,-6.34,-2.7,0,74,D,1,1,0,1,2,76,74,2,59,10,0,57,2,4,4,0,0,0.056,0,4,4,0,0,0.057,0,1,1,0,1,0,0,-0.04,-1.7,-2.55,-2.94,0,0,18
cum_laude,-5.36,-1.92,0,29,D,1,1,0,1,2,51,29,22,44,13,4,25,19,3,2,1,0.5,0.062,0,3,2,1,0.5,0.115,0,2,2,0,0.1,0,0,-0.05,-1.78,-1.8,-2.14,-0.875,-0.48,9
vice_chair,-3.11,-1.27,0,106,D,1,1,1,1,2,131,106,25,91,50,6,71,20,5,4,1,0.25,0.04,0,5,4,1,0.25,0.05,0,3,2,1,0.136,0.5,0,-0.3,-4.5,-1.08,-2.98,-2.462,-2.17,10
congress_president,-3.03,2.36,0,34,D,1,1,1,1,2,56,34,22,49,5,8,30,19,3,3,0,0,0.057,0,3,2,1,0.5,0.097,0,3,2,1,0.158,0.5,0,0.06,2.64,2.8,1.7,2.973,2.09,18
securing_borders,-2.03,3.84,0,12,D,1,1,1,1,2,58,12,46,56,6,16,12,44,2,2,0,0,0.036,0,1,1,0,0,0.091,0,2,2,0,0.045,0,0,0.08,3.11,3.7,2.45,2.093,2.09,16
individual,-1.62,0.19,0,510,D,1,1,1,1,1,1073,510,561,539,47,59,261,276,17,16,1,0.062,0.016,0,16,11,5,0.455,0.032,0,17,14,3,0.031,0.214,0,0.52,5.5,0.65,1.94,0.739,1.88,10
government,0.16,0.18,0,2717,D,1,1,1,1,1,5977,2717,3221,1294,160,143,641,645,145,84,61,0.726,0.025,1,44,42,2,0.048,0.016,0,145,84,61,0.047,0.726,1,2.32,7.19,0.47,3.52,0.544,3.4,10
justice,-1.8,-1.11,0,1025,D,1,1,0,1,1,1269,1025,241,521,95,32,389,130,23,14,9,0.643,0.018,0,23,14,9,0.643,0.023,0,9,8,1,0.039,0.125,0,-0.4,-2.82,-0.87,-4.37,-0.751,-1.45,7
defense,-0.59,0.86,0,471,D,1,1,1,1,1,902,471,431,457,69,68,213,244,13,9,4,0.444,0.015,0,9,8,1,0.125,0.019,0,13,9,4,0.031,0.444,0,0.55,3.8,1.14,4.4,0.543,1.67,7
defend,-1.32,0.36,0,376,D,1,1,1,1,1,949,376,573,554,66,75,227,327,9,7,2,0.286,0.01,0,7,6,1,0.167,0.019,0,9,6,3,0.016,0.5,0,0.52,5.29,0.68,2.23,0.886,2.51,6
city,-2.02,-1.39,0,952,D,1,1,0,1,1,1587,952,610,585,85,34,318,261,26,23,3,0.13,0.017,0,26,23,3,0.13,0.028,0,23,16,7,0.039,0.438,0,-0.4,-1.89,-1.15,-5.91,-0.373,-0.75,4
states,-0.7,-0.01,0,1147,D,1,1,1,1,1,1799,1147,644,693,100,55,401,287,30,28,2,0.071,0.017,0,26,22,4,0.182,0.023,0,30,28,2,0.049,0.071,0,0.29,1.77,0.38,2.01,0.669,1.83,6
best,-0.27,0.52,0,1160,D,1,1,1,1,1,2199,1160,1028,936,111,104,482,450,16,13,3,0.231,0.007,0,13,13,0,0,0.011,0,16,13,3,0.016,0.231,0,0.64,4.07,0.82,4.26,0.634,2.34,4
conditions,-2.8,-1.32,0,496,D,1,1,1,1,1,644,496,144,341,62,11,261,77,28,10,18,1.8,0.045,0,10,9,1,0.111,0.021,0,28,8,20,0.241,2.5,0,-0.21,-2.67,-1.06,-3.58,-2.622,-2.87,10
business,-0.52,0.29,0,1225,D,1,1,1,1,1,2514,1225,1275,964,107,100,482,477,35,21,14,0.667,0.014,0,21,19,2,0.105,0.017,0,35,17,18,0.028,1.059,0,0.93,4.59,0.63,3.18,0.563,2.26,8
democratic,-1.4,-0.76,0,748,D,1,1,0,1,1,875,748,124,451,117,16,356,92,18,14,4,0.286,0.021,0,18,14,4,0.286,0.025,0,6,5,1,0.051,0.2,0,-0.81,-5.61,-0.54,-2.8,-0.076,-0.08,10
congress,1.37,0.25,0,4342,D,1,1,1,1,1,7164,4342,2809,1362,209,157,723,634,71,52,19,0.365,0.01,0,71,52,19,0.365,0.017,0,43,38,5,0.016,0.132,0,0.96,2,0.53,6.98,0.315,2.43,8
control,-1.24,0.18,0,734,D,1,1,1,1,1,1437,734,694,704,76,81,351,348,18,15,3,0.2,0.013,0,15,13,2,0.154,0.021,0,18,13,5,0.027,0.385,0,0.74,6.38,0.57,2.07,1.144,3.51,7
opportunity,-0.67,-0.51,0,1548,D,1,1,0,1,1,2302,1548,744,872,143,71,527,340,45,29,16,0.552,0.02,0,29,22,7,0.318,0.019,0,45,22,23,0.064,1.045,1,-0.48,-2.66,-0.25,-1.66,-0.051,-0.15,11
continue,0.17,0.31,0,1426,D,1,1,1,1,1,2290,1426,859,928,150,98,520,403,18,17,1,0.059,0.008,0,18,17,1,0.059,0.013,0,13,11,2,0.015,0.182,0,0.4,1.69,0.59,4.18,0.391,1.66,8
taxes,-0.87,1.08,0,616,D,1,1,1,1,1,1438,616,807,665,59,91,294,369,23,16,7,0.438,0.016,0,16,14,2,0.143,0.027,0,23,16,7,0.029,0.438,0,1.03,7.46,1.36,4.15,1.18,4.28,5
debt,-0.84,0.27,0,850,D,1,1,1,1,1,1460,850,607,599,85,68,363,234,88,21,67,3.19,0.064,1,21,17,4,0.235,0.025,0,88,16,72,0.17,4.5,1,0.52,3.04,0.61,2.63,1.297,3.84,4
fiscal,-1.67,0.45,0,151,D,1,1,1,1,1,332,151,181,208,43,36,95,113,16,7,9,1.286,0.051,0,7,6,1,0.167,0.049,0,16,6,10,0.097,1.667,0,0.22,2.58,0.75,2,0.939,1.84,6
police,-2.36,-1.2,0,1121,D,1,1,1,1,1,1469,1121,345,451,62,16,300,149,75,37,38,1.027,0.054,1,75,37,38,1.027,0.072,1,13,11,2,0.039,0.182,0,-0.24,-1.74,-0.93,-3.7,-1.958,-2.97,6
policing,-2.69,-0.93,0,399,D,1,1,0,1,1,430,399,28,199,43,2,174,22,37,18,19,1.056,0.094,0,37,18,19,1.056,0.102,0,3,3,0,0.12,0,0,-0.21,-2.6,-0.66,-1.96,-3.698,-2.23,8
corporate,-2.55,-0.93,0,908,D,1,1,0,1,1,1095,908,182,466,61,4,356,107,26,16,10,0.625,0.024,0,26,16,10,0.625,0.029,0,8,8,0,0.046,0,0,-0.22,-3.27,-0.65,-2.06,-0.514,-0.28,9
labor,-2.02,-1.15,0,982,D,1,1,0,1,1,1287,982,298,496,83,30,361,131,19,19,0,0,0.015,0,18,15,3,0.2,0.019,0,19,19,0,0.068,0,0,-0.26,-1.85,-0.9,-4.16,-0.441,-0.84,5
secondamendment,-1.97,2.1,0,152,D,1,1,1,1,1,846,152,693,484,14,78,110,373,10,9,1,0.111,0.012,0,7,4,3,0.75,0.048,0,10,9,1,0.015,0.111,0,0.79,9.21,2.22,2.72,1.225,3.7,15
church,-2.24,0.85,0,179,D,1,1,1,1,1,512,179,329,326,26,46,120,205,20,11,9,0.818,0.041,0,9,6,3,0.5,0.053,0,20,11,9,0.065,0.818,0,0.16,3.2,1.03,1.81,1.191,2.18,6
music,-4.91,-1.76,0,92,D,1,1,0,1,1,128,92,35,83,12,0,59,23,6,5,1,0.2,0.049,0,6,5,1,0.2,0.07,0,4,3,1,0.129,0.333,0,-0.07,-1.65,-1.57,-2.28,0,0,5
speaking,-4.95,-1.58,0,86,D,1,1,0,1,1,136,86,47,114,15,3,69,43,3,3,0,0,0.023,0,3,3,0,0,0.036,0,2,2,0,0.044,0,0,-0.04,-1.8,-1.42,-1.82,-2.578,-1.35,8
housing,-2.11,-1.8,0,1875,D,1,1,0,1,1,2106,1875,226,548,112,22,430,115,95,62,33,0.532,0.047,1,95,62,33,0.532,0.053,1,22,13,9,0.108,0.692,0,-0.67,-3.2,-1.55,-9.34,-0.326,-0.49,7
bold,-3.72,-1.88,0,270,D,1,1,0,1,1,323,270,51,212,49,7,169,41,11,7,4,0.571,0.035,0,11,7,4,0.571,0.042,0,2,2,0,0.041,0,0,-0.21,-3.35,-1.71,-4.75,-1.412,-1.22,4
workers,-0.18,-0.54,0,2930,D,1,1,1,1,1,3487,2930,545,826,148,60,572,250,67,48,19,0.396,0.02,0,67,48,19,0.396,0.023,0,22,15,7,0.042,0.467,0,-0.93,-2.87,-0.26,-2.22,-0.839,-2.78,7
usd15,-2.92,-1.03,0,316,D,1,1,0,1,1,336,316,17,241,56,3,224,14,7,5,2,0.4,0.021,0,7,5,2,0.4,0.023,0,3,2,1,0.214,0.5,0,-0.19,-3.62,-0.78,-2.14,-0.795,-0.38,5
poverty,-2.61,-1.17,0,905,D,1,1,0,1,1,1094,905,178,454,65,15,346,105,28,23,5,0.217,0.026,0,28,23,5,0.217,0.032,0,11,7,4,0.066,0.571,0,-0.16,-2.02,-0.9,-3.13,-0.425,-0.54,7
inequality,-4.84,-2.06,0,290,D,1,1,0,1,1,312,290,22,165,23,0,149,16,17,11,6,0.545,0.058,0,17,11,6,0.545,0.062,0,3,2,1,0.158,0.5,0,-0.08,-2.22,-1.82,-3.19,0,0,10
color,-4.9,-2.66,0,544,D,1,1,0,1,1,589,544,45,257,33,2,225,32,26,23,3,0.13,0.046,0,26,23,3,0.13,0.05,0,5,3,2,0.125,0.667,0,-0.16,-2.75,-2.52,-5.8,-3.211,-1.52,5
black,-2.75,-1.66,0,1074,D,1,1,0,1,1,1225,1074,145,369,60,7,293,72,46,30,16,0.533,0.039,0,46,30,16,0.533,0.045,0,14,8,6,0.107,0.75,0,-0.45,-3.18,-1.47,-5.96,-0.784,-0.75,5
disparities,-4.08,-1.9,0,286,D,1,1,0,1,1,296,286,10,155,30,1,148,7,14,12,2,0.167,0.05,0,14,12,2,0.167,0.051,0,3,2,1,0.429,0.5,0,-0.17,-2.75,-1.71,-4.04,-2.435,-0.73,11
cut,-0.65,0.51,0,559,D,1,1,1,1,1,974,559,412,530,90,74,292,235,12,12,0,0,0.012,0,12,12,0,0,0.022,0,8,7,1,0.02,0.143,0,0.36,2.5,0.79,3.43,0.775,2.29,3
onto,-2.86,1.69,0,61,D,1,1,1,1,1,105,61,44,91,8,9,52,39,3,3,0,0,0.029,0,3,3,0,0,0.052,0,3,2,1,0.073,0.5,0,0.06,2.19,1.89,1.7,2.21,1.74,4
racism,-4.2,-1.67,0,363,D,1,1,0,1,1,414,363,44,187,25,0,163,21,12,11,1,0.091,0.03,0,12,11,1,0.091,0.034,0,10,4,6,0.294,1.5,0,-0.11,-2.51,-1.43,-2.84,0,0,6
healthy,-1.96,-0.73,0,598,D,1,1,0,1,1,739,598,137,412,76,20,311,98,12,11,1,0.091,0.017,0,12,11,1,0.091,0.02,0,5,4,1,0.038,0.25,0,-0.21,-2.18,-0.45,-1.76,-0.394,-0.53,7
return,-1.24,0.96,0,387,D,1,1,1,1,1,679,387,290,435,56,39,243,191,10,10,0,0,0.015,0,6,6,0,0,0.016,0,10,10,0,0.036,0,0,0.17,2.5,1.25,3.35,0.972,1.8,6
voter,-2.2,-0.8,0,664,D,1,1,0,1,1,756,664,91,305,53,5,252,52,25,15,10,0.667,0.034,0,25,15,10,0.667,0.039,0,10,5,5,0.123,1,0,-0.35,-2.96,-0.57,-2.03,-1.263,-0.96,5
spending,-0.85,0.56,0,598,D,1,1,1,1,1,1394,598,794,643,70,99,293,348,21,19,2,0.105,0.015,0,13,12,1,0.083,0.022,0,21,19,2,0.027,0.105,0,1.38,7.15,0.94,3.55,1.304,5.23,8
chair,-1.57,-0.78,0,324,D,1,1,0,1,1,469,324,143,257,98,28,173,83,10,9,1,0.111,0.022,0,10,9,1,0.111,0.032,0,8,6,2,0.059,0.333,0,-0.47,-3.22,-0.58,-2.77,-0.412,-0.8,5
powerful,-2.89,-1.2,0,278,D,1,1,0,1,1,388,278,106,274,59,23,188,82,4,4,0,0,0.01,0,4,4,0,0,0.015,0,4,4,0,0.039,0,0,-0.2,-2.82,-1.01,-3.04,-1.036,-1.47,8
universal,-1.98,-0.8,0,1140,D,1,1,0,1,1,1215,1140,72,461,78,3,420,39,16,16,0,0,0.013,0,16,16,0,0,0.014,0,8,8,0,0.125,0,0,-0.37,-3.82,-0.52,-2.07,-1.741,-1.02,9
voted,-0.25,0.14,0,648,D,1,1,1,1,1,1055,648,404,407,110,75,235,171,23,20,3,0.15,0.022,0,23,20,3,0.15,0.037,0,19,17,2,0.049,0.118,0,0.6,1.89,0.43,2.66,0.588,2.34,5
larger,-2.15,1.49,0,135,D,1,1,1,1,1,207,135,72,155,18,11,102,53,5,5,0,0,0.025,0,4,4,0,0,0.031,0,5,5,0,0.075,0,0,0.05,1.7,2.01,2.63,2.768,2.24,6
separated,-5.39,-2.51,0,93,D,1,1,0,1,1,102,93,9,74,18,1,65,9,6,4,2,0.5,0.062,0,6,4,2,0.5,0.069,0,1,1,0,0.125,0,0,-0.07,-1.96,-2.34,-3.91,-53.049,0,9
advocate,-0.97,-0.57,0,981,D,1,1,0,1,1,1399,981,417,672,142,66,423,248,16,11,5,0.455,0.012,0,16,11,5,0.455,0.017,0,10,7,3,0.025,0.429,0,-0.53,-3.46,-0.32,-1.92,-0.551,-1.38,8
civilrights,-2.23,-1.21,0,490,D,1,1,1,1,1,564,490,72,294,85,7,250,42,11,9,2,0.222,0.02,0,11,9,2,0.222,0.023,0,8,5,3,0.125,0.6,0,-0.55,-4.84,-1.01,-4.29,-2.401,-2.14,11
terrorism,-1.79,0.41,0,171,D,1,1,1,1,1,381,171,209,218,38,33,101,116,12,8,4,0.5,0.033,0,7,5,2,0.4,0.043,0,12,8,4,0.061,0.5,0,0.37,3.36,0.82,2.05,1.768,3.75,9
communities,-0.1,-0.48,0,3136,D,1,1,1,1,1,3872,3136,729,940,169,75,627,308,47,38,9,0.237,0.012,0,47,38,9,0.237,0.015,0,21,19,2,0.03,0.105,0,-0.9,-3.28,-0.21,-1.86,-1.02,-3.78,11
organizing,-5.33,-2.21,0,118,D,1,1,0,1,1,134,118,14,93,16,0,80,11,5,4,1,0.25,0.039,0,5,4,1,0.25,0.044,0,2,2,0,0.167,0,0,-0.08,-2.74,-2.1,-3.07,0,0,10
bargain,-4.21,-1.27,0,127,D,1,1,0,1,1,130,127,3,105,22,0,103,2,4,4,0,0,0.032,0,4,4,0,0,0.033,0,2,1,1,2,1,0,-0.07,-2.59,-1.03,-1.68,0,0,7
detention,-4.35,-2.09,0,262,D,1,1,0,1,1,275,262,13,157,31,1,145,12,9,9,0,0,0.034,0,9,9,0,0,0.036,0,2,1,1,0.182,1,0,-0.13,-2.55,-1.86,-4.23,-2.793,-0.95,9
residents,-1.98,-1.17,0,704,D,1,1,1,1,1,989,704,280,462,98,30,314,147,18,13,5,0.385,0.019,0,18,13,5,0.385,0.026,0,11,11,0,0.041,0,0,-0.44,-3.14,-0.94,-4.46,-1.451,-2.62,9
immigrant,-4.22,-2.62,0,364,D,1,1,1,1,1,491,364,124,283,43,4,202,80,11,10,1,0.1,0.023,0,10,9,1,0.111,0.028,0,11,7,4,0.097,0.571,0,-0.33,-3.06,-2.56,-8.01,-3.141,-1.99,9
voices,-3.18,-1.17,0,257,D,1,1,0,1,1,318,257,61,212,49,6,165,47,8,8,0,0,0.026,0,8,8,0,0,0.032,0,5,4,1,0.089,0.25,0,-0.21,-4.17,-0.99,-2.51,0.058,0.04,6
grown,-2.09,0.74,0,158,D,1,1,1,1,1,251,158,92,199,30,19,128,70,4,4,0,0,0.016,0,4,4,0,0,0.026,0,4,3,1,0.045,0.333,0,0.09,1.69,1.04,1.99,2.079,2.54,5
transportation,-1,-0.67,0,939,D,1,1,1,1,1,1219,939,277,470,107,45,324,144,21,16,5,0.312,0.018,0,21,16,5,0.312,0.023,0,14,13,1,0.053,0.077,0,-0.42,-1.65,-0.43,-2.65,-0.777,-2.19,14
arts,-3.09,-1.08,0,210,D,1,1,0,1,1,269,210,57,165,40,9,120,44,26,11,15,1.364,0.107,0,26,11,15,1.364,0.141,0,5,4,1,0.096,0.25,0,-0.14,-2.09,-0.86,-2.24,-1.441,-1.36,4
pledge,-1.76,2.44,0,188,D,1,1,1,1,1,356,188,167,216,12,17,110,105,21,17,4,0.235,0.063,0,17,8,9,1.125,0.099,0,21,8,13,0.144,1.625,0,0.09,2.26,2.81,3.17,3.392,3.5,6
taxpayers,-1.77,0.3,0,220,D,1,1,1,1,1,522,220,294,345,51,57,152,188,6,6,0,0,0.012,0,5,4,1,0.25,0.023,0,6,6,0,0.021,0,0,0.41,5.19,0.66,1.75,1.024,2.45,9
humanity,-4.77,-1.57,0,158,D,1,1,0,1,1,203,158,43,133,18,0,96,35,12,11,1,0.091,0.063,0,12,11,1,0.091,0.082,0,3,3,0,0.075,0,0,-0.06,-2.61,-1.36,-1.93,0,0,8
latino,-5.16,-1.79,0,78,D,1,1,0,1,1,89,78,11,65,13,2,55,10,4,4,0,0,0.047,0,4,4,0,0,0.054,0,2,1,1,0.222,1,0,-0.05,-1.77,-1.62,-2.1,-2.667,-1.2,6
activism,-6.51,-2.62,0,70,D,1,1,0,1,1,87,70,17,69,10,0,54,15,4,3,1,0.333,0.048,0,4,3,1,0.333,0.061,0,2,2,0,0.133,0,0,-0.04,-2.56,-2.57,-2.55,0,0,8
nonviolent,-5.1,-1.66,0,91,D,1,1,0,1,1,99,91,7,75,13,0,69,5,6,5,1,0.2,0.065,0,6,5,1,0.2,0.071,0,2,2,0,0.4,0,0,-0.05,-2.16,-1.46,-1.84,0,0,10
polluters,-4.55,-1.4,0,95,D,1,1,0,1,1,108,95,12,73,14,1,63,9,5,4,1,0.25,0.049,0,5,4,1,0.25,0.056,0,2,2,0,0.2,0,0,-0.06,-1.95,-1.29,-1.78,-243.485,0,9
status,-2.48,-0.87,0,415,D,1,1,0,1,1,548,415,129,315,64,10,228,85,18,14,4,0.286,0.034,0,18,14,4,0.286,0.045,0,7,6,1,0.057,0.167,0,-0.17,-2.42,-0.56,-1.79,-0.402,-0.34,6
accessible,-2.37,-0.81,0,401,D,1,1,1,1,1,478,401,75,294,65,14,232,60,10,9,1,0.111,0.021,0,10,9,1,0.111,0.026,0,3,3,0,0.042,0,0,-0.15,-2.11,-0.52,-1.71,-1.478,-1.69,10
undocumented,-3.38,-1.38,0,321,D,1,1,0,1,1,383,321,62,214,41,4,174,40,15,13,2,0.154,0.041,0,15,13,2,0.154,0.049,0,6,6,0,0.107,0,0,-0.14,-2.37,-1.11,-2.87,-1.668,-0.96,12
homeownership,-5.27,-1.76,0,77,D,1,1,0,1,1,85,77,8,53,11,0,47,6,14,5,9,1.8,0.197,0,14,5,9,1.8,0.222,0,2,2,0,0.333,0,0,-0.06,-2.21,-1.6,-1.93,0,0,13
faith,-2.19,0.71,0,208,D,1,1,1,1,1,573,208,363,317,26,29,141,175,43,14,29,2.071,0.081,1,8,7,1,0.143,0.04,0,43,14,29,0.134,2.071,1,0.14,2.45,1.05,1.91,1.552,2.37,5
suppression,-4.36,-1.29,0,151,D,1,1,0,1,1,156,151,5,107,17,0,102,5,5,4,1,0.25,0.033,0,5,4,1,0.25,0.034,0,1,1,0,0.25,0,0,-0.08,-2.62,-1.1,-1.67,0,0,11
toxic,-4,-1.49,0,136,D,1,1,0,1,1,153,136,17,112,25,2,98,14,4,4,0,0,0.027,0,4,4,0,0,0.03,0,3,2,1,0.214,0.5,0,-0.09,-1.93,-1.24,-2.49,-2.925,-1.22,5
hiv,-6.06,-2.29,0,68,D,1,1,0,1,1,77,68,9,45,8,0,40,5,7,5,2,0.4,0.1,0,7,5,2,0.4,0.115,0,2,2,0,0.286,0,0,-0.05,-2.03,-2.21,-2.31,0,0,3
humane,-3.91,-1.25,0,146,D,1,1,0,1,1,180,146,34,127,22,1,111,16,15,7,8,1.143,0.091,0,7,4,3,0.75,0.05,0,15,3,12,0.789,4,0,-0.1,-1.97,-1.02,-1.91,-243.485,0,6
sentencing,-4.31,-1.63,0,188,D,1,1,0,1,1,210,188,20,128,22,0,113,13,9,7,2,0.286,0.045,0,9,7,2,0.286,0.05,0,5,4,1,0.333,0.25,0,-0.11,-2.63,-1.43,-2.63,0,0,10
africanamerican,-3.84,-1.62,0,170,D,1,1,0,1,1,206,170,35,125,32,3,99,25,8,8,0,0,0.04,0,8,7,1,0.143,0.049,0,8,2,6,0.296,3,0,-0.18,-3.31,-1.45,-3.35,-0.499,-0.23,15
lutherking,-8.08,-3.38,0,44,D,1,1,0,1,1,61,44,16,49,5,0,34,14,5,2,3,1.5,0.089,0,5,2,3,1.5,0.128,0,2,2,0,0.143,0,0,-0.02,-1.88,-3.48,-2.33,0,0,10
hispanic,-4.03,-1.69,0,112,D,1,1,0,1,1,159,112,47,94,22,4,65,29,9,6,3,0.5,0.06,0,6,5,1,0.2,0.057,0,9,4,5,0.237,1.25,0,-0.14,-2.16,-1.52,-3.3,-1.819,-1.18,8
burdens,-1.99,1.59,0,105,D,1,1,1,1,1,175,105,69,138,19,22,84,53,5,5,0,0,0.029,0,5,3,2,0.667,0.05,0,5,5,0,0.078,0,0,0.15,3.08,1.9,2.68,1.453,1.92,7
terrorists,-1.53,1.75,0,74,D,1,1,1,1,1,181,74,107,129,22,30,58,71,5,4,1,0.25,0.028,0,4,3,1,0.333,0.057,0,5,4,1,0.049,0.25,0,0.18,3.34,2.14,3.53,1.317,2.07,10
africa,-4.45,-1.6,0,62,D,1,1,0,1,1,96,62,34,71,17,2,46,25,5,4,1,0.25,0.055,0,4,4,0,0,0.069,0,5,2,3,0.172,1.5,0,-0.09,-2.04,-1.42,-2.39,-0.957,-0.38,6
terrorist,-1.69,0.53,0,102,D,1,1,1,1,1,201,102,97,139,35,26,64,73,11,5,6,1.2,0.058,0,11,5,6,1.2,0.121,0,4,3,1,0.043,0.333,0,0.14,1.65,1.04,2.58,1.29,1.93,9
lgbt,-3.06,-1.34,0,148,D,1,1,0,1,1,152,148,4,75,36,0,71,4,11,9,2,0.222,0.078,0,11,9,2,0.222,0.08,0,1,1,0,0.333,0,0,-0.2,-1.98,-1.06,-3.12,0,0,4
chemicals,-3.87,-1.27,0,79,D,1,1,0,1,1,107,79,28,66,21,0,56,10,10,7,3,0.429,0.103,0,7,4,3,0.75,0.097,0,10,5,5,0.556,1,0,-0.08,-1.65,-0.98,-1.89,0,0,9
hunger,-4.59,-1.74,0,72,D,1,1,0,1,1,82,72,9,52,19,2,42,9,13,4,9,2.25,0.188,0,13,4,9,2.25,0.22,0,1,1,0,0.125,0,0,-0.08,-2.24,-1.56,-2.62,-2.867,-1.38,6
tenant,-10.15,-4.86,0,56,D,1,1,0,1,1,60,56,4,36,4,0,33,3,5,5,0,0,0.091,0,5,5,0,0,0.098,0,2,1,1,1,1,0,-0.02,-1.7,-5.27,-2.79,0,0,6
freedoms,-2.51,0.8,0,114,D,1,1,1,1,1,402,114,285,257,19,38,78,178,7,6,1,0.167,0.018,0,6,5,1,0.2,0.056,0,7,6,1,0.025,0.167,0,0.27,5.17,1.32,1.93,1.291,2.24,8
law_abiding_citizens,-3.56,1.65,0,126,R,1,0,1,1,3,148,22,126,125,2,25,18,107,3,3,0,0,0.021,0,2,2,0,0,0.1,0,3,3,0,0.024,0,0,0.19,5.05,9.58,2.04,1.438,2,20
state_local_governments,-4.17,1.42,0,38,R,1,0,1,1,3,119,81,38,93,22,11,59,34,10,3,7,2.333,0.092,0,10,3,7,2.333,0.141,0,2,2,0,0.056,0,0,0.06,1.74,0.61,0.95,2.582,1.98,23
keep_bear_arms,-2.83,1.43,0,211,R,1,0,1,1,3,227,16,211,175,1,40,13,162,7,5,2,0.4,0.032,0,2,2,0,0,0.143,0,7,5,2,0.034,0.4,0,0.31,7.17,5.69,1.38,1.043,1.88,14
right_keep_bear,-3.03,1.53,0,189,R,1,0,1,1,3,200,11,189,154,1,37,10,144,7,5,2,0.4,0.036,0,2,1,1,1,0.222,0,7,5,2,0.038,0.4,0,0.28,6.84,5.69,1.38,1.161,2,15
support_president_trump,-9.39,6,0,113,R,1,0,1,1,3,114,1,113,79,1,14,1,78,9,5,4,0.8,0.086,0,1,0,1,0,0,0,9,5,4,0.087,0.8,0,0.12,3.67,1.76,0.51,4.98,5.52,23
national_defense,-2.56,1.5,0,155,R,1,1,1,1,2,234,79,155,169,30,53,52,117,5,5,0,0,0.022,0,4,4,0,0,0.053,0,5,5,0,0.033,0,0,0.35,4.95,1.29,2.73,1.211,2.58,16
constitutional_right,-5.8,2.84,0,66,R,1,0,1,1,2,127,60,66,107,13,13,50,56,3,3,0,0,0.024,0,3,3,0,0,0.053,0,3,3,0,0.048,0,0,0.06,2.02,0.05,0.07,2.37,2.12,20
national_debt,-2.32,1.29,0,275,R,1,1,1,1,2,370,94,275,218,12,53,58,159,20,14,6,0.429,0.057,0,6,5,1,0.2,0.068,0,20,14,6,0.078,0.429,0,0.43,7.75,1.71,1.96,1.054,2.25,13
veterans_administration,-6.21,3.3,0,21,R,1,0,1,1,2,67,46,21,53,12,8,39,14,5,3,2,0.667,0.081,0,3,3,0,0,0.07,0,5,3,2,0.312,0.667,0,0.09,2.17,1.18,1.34,4.288,3.43,23
tax_code,-1.67,0.92,0,169,R,1,0,1,1,2,284,113,169,182,27,50,83,98,6,5,1,0.2,0.022,0,5,4,1,0.25,0.046,0,6,5,1,0.037,0.2,0,0.55,6.42,0.39,0.79,0.759,1.85,8
free_market,-4.69,2.71,0,285,R,1,0,1,1,2,326,41,285,198,2,27,27,171,9,6,3,0.5,0.028,0,6,5,1,0.2,0.171,0,9,6,3,0.033,0.5,0,0.2,5.52,5.21,1.43,2.02,2.99,11
president_trump,-1.22,1.1,0,949,R,1,1,1,1,2,1287,333,949,455,65,73,137,316,25,21,4,0.19,0.02,0,21,17,4,0.235,0.067,0,25,17,8,0.027,0.471,0,0.71,3.9,0.45,1.87,0.666,2.27,15
right_life,-2.72,1.52,0,203,R,1,0,1,1,2,230,27,203,167,0,50,21,146,5,4,1,0.25,0.022,0,2,2,0,0,0.08,0,5,4,1,0.025,0.25,0,0.37,8.15,0,0,1.009,2.04,10
wasteful_spending,-3.48,1.81,0,87,R,1,1,1,1,2,109,22,87,88,8,32,17,71,3,3,0,0,0.028,0,3,2,1,0.5,0.158,0,3,2,1,0.036,0.5,0,0.22,5.16,2.11,1.99,1.447,2.31,17
federal_spending,-6.02,3.49,0,54,R,1,0,1,1,2,67,13,54,58,4,18,13,45,2,2,0,0,0.031,0,1,1,0,0,0.083,0,2,2,0,0.038,0,0,0.15,4.59,1.22,0.73,2.995,3.53,16
natural_gas,-3.49,1.78,0,77,R,1,0,1,1,2,157,79,77,104,16,21,53,50,9,4,5,1.25,0.061,0,4,4,0,0,0.053,0,9,4,5,0.132,1.25,0,0.22,3.05,1.03,1.61,2.042,2.99,11
right_vote,1.56,-7.35,0,24,R,1,1,1,1,2,233,209,24,140,32,3,128,12,8,8,0,0,0.036,0,8,6,2,0.333,0.04,0,8,4,4,0.5,1,0,-0.13,-2.39,-0.81,-1.82,-6.03,-3.66,10
taxpayer_dollars,-3.12,1.19,0,62,R,1,0,1,1,2,154,91,62,126,30,24,72,53,5,3,2,0.667,0.034,0,5,3,2,0.667,0.058,0,3,2,1,0.051,0.5,0,0.1,1.96,0.79,1.56,1.367,1.81,16
gun_rights,-6.05,3.35,0,69,R,1,0,1,1,2,78,9,69,66,1,16,9,57,3,3,0,0,0.04,0,1,1,0,0,0.125,0,3,3,0,0.045,0,0,0.11,4.08,1.28,0.4,2.832,3.05,10
status_quo,-4.76,2.36,0,62,R,1,0,1,1,2,138,76,62,112,6,16,61,51,8,4,4,1,0.062,0,8,4,4,1,0.118,0,4,3,1,0.069,0.333,0,0.12,3.29,0.55,0.43,2.288,2.53,10
healthcare_decisions,-3.4,1.42,0,57,R,1,1,1,1,2,132,75,57,104,26,20,60,44,3,3,0,0,0.023,0,3,3,0,0,0.042,0,3,2,1,0.056,0.5,0,0.11,2.21,1.81,3.08,1.282,1.7,20
sanctity_life,-5.03,2.63,0,67,R,1,0,1,1,2,69,2,67,60,0,17,2,58,4,3,1,0.333,0.062,0,1,1,0,0,1,0,4,3,1,0.063,0.333,0,0.13,4.03,0,0,2.009,2.38,13
right_protect,-9.95,5.36,0,51,R,1,0,1,1,2,60,9,51,57,1,5,9,48,2,2,0,0,0.034,0,1,1,0,0,0.125,0,2,2,0,0.041,0,0,0.03,2.11,2.61,0.78,5.167,2.6,13
government_regulations,-5.13,2.54,0,51,R,1,0,1,1,2,54,3,51,47,0,16,3,44,3,2,1,0.5,0.059,0,1,1,0,0,0.5,0,3,2,1,0.062,0.5,0,0.11,4.43,0,0,1.987,2.12,22
illegal_immigration,-3.56,2.34,0,322,R,1,0,1,1,2,343,21,322,223,3,48,19,204,10,8,2,0.25,0.03,0,3,1,2,2,0.167,0,10,8,2,0.032,0.25,0,0.41,7.84,2.32,1.16,1.863,3.86,19
god_given,-5.7,2.87,0,102,R,1,0,1,1,2,117,14,102,91,0,15,8,82,7,4,3,0.75,0.064,0,4,3,1,0.333,0.4,0,7,3,4,0.074,1.333,0,0.09,4.4,0,0,2.23,2.18,9
vice_chair,-0.81,-2.51,0,25,R,1,1,1,1,2,131,106,25,91,50,6,71,20,5,4,1,0.25,0.04,0,5,4,1,0.25,0.05,0,3,2,1,0.136,0.5,0,-0.3,-4.5,-1.08,-2.98,-2.462,-2.17,10
energy_resources,-4.77,1.88,0,32,R,1,0,1,1,2,54,22,32,41,3,9,19,22,3,3,0,0,0.059,0,2,2,0,0,0.1,0,3,3,0,0.103,0,0,0.08,2.78,2.39,1.35,2.1,1.73,16
raise_taxes,-6.2,3.1,0,38,R,1,0,1,1,2,56,18,38,46,0,8,15,31,3,3,0,0,0.057,0,3,2,1,0.5,0.2,0,3,3,0,0.086,0,0,0.07,2.67,0,0,2.389,2.09,11
congress_president,-5.51,2.37,0,22,R,1,1,1,1,2,56,34,22,49,5,8,30,19,3,3,0,0,0.057,0,3,2,1,0.5,0.097,0,3,2,1,0.158,0.5,0,0.06,2.64,2.8,1.7,2.973,2.09,18
repeal_obamacare,-5.56,3.21,0,55,R,1,0,1,1,2,60,5,55,46,2,18,5,41,5,4,1,0.25,0.091,0,1,1,0,0,0.25,0,5,4,1,0.1,0.25,0,0.16,4.32,2.57,0.99,2.773,3.47,16
rifle_association,-4.16,2.03,0,55,R,1,0,1,1,2,65,10,55,49,3,20,9,40,5,4,1,0.25,0.083,0,2,1,1,1,0.25,0,5,4,1,0.1,0.25,0,0.15,4.08,1.36,0.7,1.337,1.75,17
securing_borders,-5.22,2.52,0,46,R,1,1,1,1,2,58,12,46,56,6,16,12,44,2,2,0,0,0.036,0,1,1,0,0,0.091,0,2,2,0,0.045,0,0,0.08,3.11,3.7,2.45,2.093,2.09,16
believe_life,-8.68,4.92,0,49,R,1,0,1,1,2,50,1,49,48,0,9,1,47,2,2,0,0,0.042,0,1,0,1,0,0,0,2,2,0,0.043,0,0,0.06,3.28,0,0,4.279,3.26,12
life_begins,-6.23,3.84,0,102,R,1,0,1,1,2,104,2,102,92,0,26,2,90,3,3,0,0,0.03,0,1,1,0,0,1,0,3,3,0,0.03,0,0,0.18,6.02,0,0,3.37,4.41,11
begins_conception,-5.8,3.41,0,86,R,1,0,1,1,2,88,2,86,80,0,23,2,78,2,2,0,0,0.023,0,1,1,0,0,1,0,2,2,0,0.024,0,0,0.16,5.55,0,0,2.911,3.65,17
illegal_aliens,-9.35,5.67,0,138,R,1,0,1,1,2,140,2,138,54,0,5,2,52,15,13,2,0.154,0.12,0,1,1,0,0,1,0,15,13,2,0.122,0.154,0,0.09,2.02,0,0,5.284,4.49,14
protect_life,-5.3,2.53,0,48,R,1,0,1,1,2,54,6,48,48,0,12,4,44,2,2,0,0,0.038,0,2,2,0,0,0.5,0,2,2,0,0.043,0,0,0.09,3.73,0,0,1.979,1.93,12
fair_tax,-7.66,3.95,0,31,R,1,0,1,1,2,52,19,31,32,6,6,11,20,7,5,2,0.4,0.156,0,7,2,5,2.5,0.583,0,5,4,1,0.192,0.25,0,0.05,2.25,0.18,0.15,3.712,2.48,8
individual,-1.53,0.86,0,561,R,1,1,1,1,1,1073,510,561,539,47,59,261,276,17,16,1,0.062,0.016,0,16,11,5,0.455,0.032,0,17,14,3,0.031,0.214,0,0.52,5.5,0.65,1.94,0.739,1.88,10
freedom,-2.89,2.49,0,954,R,1,0,1,1,1,1571,606,954,681,69,82,305,370,34,20,14,0.7,0.022,0,13,12,1,0.083,0.022,0,34,20,14,0.037,0.7,0,0.73,6.69,0.16,0.52,2.041,6.43,7
government,0.33,0.79,0,3221,R,1,1,1,1,1,5977,2717,3221,1294,160,143,641,645,145,84,61,0.726,0.025,1,44,42,2,0.048,0.016,0,145,84,61,0.047,0.726,1,2.32,7.19,0.47,3.52,0.544,3.4,10
prosperity,-2.64,1.36,0,272,R,1,0,1,1,1,562,290,272,345,32,41,173,172,13,9,4,0.444,0.024,0,13,7,6,0.857,0.047,0,9,8,1,0.034,0.125,0,0.24,3.6,0.13,0.28,1.067,2.03,10
order,-1.62,0.97,0,581,R,1,0,1,1,1,1635,1048,581,695,103,61,416,275,39,35,4,0.114,0.024,0,39,18,21,1.167,0.039,1,35,14,21,0.064,1.5,1,0.22,1.78,0.06,0.28,0.882,2.26,5
defense,-0.9,0.62,0,431,R,1,1,1,1,1,902,471,431,457,69,68,213,244,13,9,4,0.444,0.015,0,9,8,1,0.125,0.019,0,13,9,4,0.031,0.444,0,0.55,3.8,1.14,4.4,0.543,1.67,7
defend,-1.62,1.15,0,573,R,1,1,1,1,1,949,376,573,554,66,75,227,327,9,7,2,0.286,0.01,0,7,6,1,0.167,0.019,0,9,6,3,0.016,0.5,0,0.52,5.29,0.68,2.23,0.886,2.51,6
states,-1.18,0.68,0,644,R,1,1,1,1,1,1799,1147,644,693,100,55,401,287,30,28,2,0.071,0.017,0,26,22,4,0.182,0.023,0,30,28,2,0.049,0.071,0,0.29,1.77,0.38,2.01,0.669,1.83,6
best,-0.77,0.84,0,1028,R,1,1,1,1,1,2199,1160,1028,936,111,104,482,450,16,13,3,0.231,0.007,0,13,13,0,0,0.011,0,16,13,3,0.016,0.231,0,0.64,4.07,0.82,4.26,0.634,2.34,4
catastrophic,-5.45,2.32,0,41,R,1,0,1,1,1,116,75,41,92,5,8,61,31,7,3,4,1.333,0.064,0,3,3,0,0,0.042,0,7,3,4,0.206,1.333,0,0.05,1.82,1.58,1.2,2.446,1.83,12
conditions,0.08,-3.01,0,144,R,1,1,1,1,1,644,496,144,341,62,11,261,77,28,10,18,1.8,0.045,0,10,9,1,0.111,0.021,0,28,8,20,0.241,2.5,0,-0.21,-2.67,-1.06,-3.58,-2.622,-2.87,10
business,-0.7,0.92,0,1275,R,1,1,1,1,1,2514,1225,1275,964,107,100,482,477,35,21,14,0.667,0.014,0,21,19,2,0.105,0.017,0,35,17,18,0.028,1.059,0,0.93,4.59,0.63,3.18,0.563,2.26,8
necessary,-1.92,1.08,0,400,R,1,0,1,1,1,1081,679,400,561,76,54,325,235,25,11,14,1.273,0.024,0,11,9,2,0.222,0.016,0,25,10,15,0.067,1.5,0,0.27,2.88,0.33,1.22,0.991,2.31,9
congress,1.1,0.45,0,2809,R,1,1,1,1,1,7164,4342,2809,1362,209,157,723,634,71,52,19,0.365,0.01,0,71,52,19,0.365,0.017,0,43,38,5,0.016,0.132,0,0.96,2,0.53,6.98,0.315,2.43,8
proven,-2.67,1.51,0,215,R,1,0,1,1,1,467,251,215,344,51,48,189,154,9,6,3,0.5,0.02,0,6,5,1,0.2,0.024,0,9,5,4,0.044,0.8,0,0.19,2.89,0.21,0.51,1.103,2.25,6
control,-1.5,1.22,0,694,R,1,1,1,1,1,1437,734,694,704,76,81,351,348,18,15,3,0.2,0.013,0,15,13,2,0.154,0.021,0,18,13,5,0.027,0.385,0,0.74,6.38,0.57,2.07,1.144,3.51,7
choice,-1.94,0.97,0,493,R,1,0,1,1,1,1003,502,493,563,56,42,284,273,10,9,1,0.111,0.01,0,10,9,1,0.111,0.02,0,9,9,0,0.019,0,0,0.34,3.79,0.2,0.57,1.327,2.78,6
continue,-0.11,0.46,0,859,R,1,1,1,1,1,2290,1426,859,928,150,98,520,403,18,17,1,0.059,0.008,0,18,17,1,0.059,0.013,0,13,11,2,0.015,0.182,0,0.4,1.69,0.59,4.18,0.391,1.66,8
principles,-3.4,2.32,0,323,R,1,0,1,1,1,481,158,323,322,29,52,114,208,8,7,1,0.143,0.017,0,7,4,3,0.75,0.046,0,8,7,1,0.025,0.143,0,0.4,5.8,0.11,0.22,1.866,4.13,10
taxes,-1.49,1.49,0,807,R,1,1,1,1,1,1438,616,807,665,59,91,294,369,23,16,7,0.438,0.016,0,16,14,2,0.143,0.027,0,23,16,7,0.029,0.438,0,1.03,7.46,1.36,4.15,1.18,4.28,5
vast,-4.98,2.26,0,72,R,1,0,1,1,1,191,119,72,144,10,12,86,58,6,4,2,0.5,0.032,0,6,4,2,0.5,0.053,0,3,3,0,0.043,0,0,0.09,2.98,0.3,0.3,2.731,2.4,4
debt,-1.73,1.37,0,607,R,1,1,1,1,1,1460,850,607,599,85,68,363,234,88,21,67,3.19,0.064,1,21,17,4,0.235,0.025,0,88,16,72,0.17,4.5,1,0.52,3.04,0.61,2.63,1.297,3.84,4
tax,-0.63,1,0,1102,R,1,0,1,1,1,3126,1997,1102,874,135,105,487,382,52,38,14,0.368,0.017,0,52,38,14,0.368,0.027,0,29,29,0,0.027,0,0,0.57,2.24,0.06,0.45,0.832,3.56,3
fiscal,-2.26,1.08,0,181,R,1,1,1,1,1,332,151,181,208,43,36,95,113,16,7,9,1.286,0.051,0,7,6,1,0.167,0.049,0,16,6,10,0.097,1.667,0,0.22,2.58,0.75,2,0.939,1.84,6
taxpayer,-3.45,2.27,0,264,R,1,0,1,1,1,403,139,264,281,28,48,103,178,8,7,1,0.143,0.02,0,7,4,3,0.75,0.053,0,8,5,3,0.031,0.6,0,0.34,4.92,0.11,0.22,1.736,3.67,8
police,-0.12,-1.94,0,345,R,1,1,1,1,1,1469,1121,345,451,62,16,300,149,75,37,38,1.027,0.054,1,75,37,38,1.027,0.072,1,13,11,2,0.039,0.182,0,-0.24,-1.74,-0.93,-3.7,-1.958,-2.97,6
given,-2.14,0.83,0,324,R,1,0,1,1,1,808,477,324,497,57,37,287,204,10,10,0,0,0.013,0,10,9,1,0.111,0.021,0,10,5,5,0.032,1,0,0.17,2.52,0.53,1.51,1.015,1.82,5
served,-0.37,0.77,0,933,R,1,0,1,1,1,1897,960,933,889,161,128,451,435,14,11,3,0.273,0.007,0,10,10,0,0,0.011,0,14,11,3,0.015,0.273,0,0.33,1.7,0.15,0.97,0.43,1.89,6
secondamendment,-2.14,1.73,0,693,R,1,1,1,1,1,846,152,693,484,14,78,110,373,10,9,1,0.111,0.012,0,7,4,3,0.75,0.048,0,10,9,1,0.015,0.111,0,0.79,9.21,2.22,2.72,1.225,3.7,15
regulations,-2.13,1.67,0,455,R,1,0,1,1,1,754,299,455,466,37,77,192,274,11,11,0,0,0.015,0,11,7,4,0.571,0.038,0,11,8,3,0.025,0.375,0,0.75,8.11,0.45,1.03,1.268,3.69,11
church,-3.26,1.83,0,329,R,1,1,1,1,1,512,179,329,326,26,46,120,205,20,11,9,0.818,0.041,0,9,6,3,0.5,0.053,0,20,11,9,0.065,0.818,0,0.16,3.2,1.03,1.81,1.191,2.18,6
another,-1.77,0.72,0,416,R,1,0,1,1,1,901,475,416,492,53,41,271,218,21,15,6,0.4,0.024,0,10,7,3,0.429,0.022,0,21,15,6,0.053,0.4,0,0.26,3.39,0.04,0.11,0.805,1.66,7
wasteful,-4.57,2.44,0,63,R,1,0,1,1,1,108,45,63,88,9,24,38,50,4,3,1,0.333,0.038,0,2,2,0,0,0.047,0,4,3,1,0.068,0.333,0,0.16,4.09,0.22,0.24,2.43,3.08,8
eliminating,-3.87,1.98,0,125,R,1,0,1,1,1,373,247,125,256,33,28,158,97,9,6,3,0.5,0.025,0,9,6,3,0.5,0.038,0,4,4,0,0.033,0,0,0.13,2.65,0.68,1.36,2.073,2.86,11
america,-0.39,1.26,0,2342,R,1,0,1,1,1,5272,2895,2342,1234,169,122,641,586,70,39,31,0.795,0.013,1,33,30,3,0.1,0.012,0,70,39,31,0.031,0.795,1,0.9,2.61,0.14,1.27,1.054,5.81,7
workers,0.62,-0.87,0,545,R,1,1,1,1,1,3487,2930,545,826,148,60,572,250,67,48,19,0.396,0.02,0,67,48,19,0.396,0.023,0,22,15,7,0.042,0.467,0,-0.93,-2.87,-0.26,-2.22,-0.839,-2.78,7
process,-1.28,0.69,0,527,R,1,0,1,1,1,1282,751,527,627,81,60,366,258,38,19,19,1,0.031,0,19,12,7,0.583,0.026,0,38,10,28,0.078,2.8,1,0.4,3.68,0.23,0.95,0.896,2.31,7
cut,-1.39,1.02,0,412,R,1,1,1,1,1,974,559,412,530,90,74,292,235,12,12,0,0,0.012,0,12,12,0,0,0.022,0,8,7,1,0.02,0.143,0,0.36,2.5,0.79,3.43,0.775,2.29,3
onto,-4.38,1.54,0,44,R,1,1,1,1,1,105,61,44,91,8,9,52,39,3,3,0,0,0.029,0,3,3,0,0,0.052,0,3,2,1,0.073,0.5,0,0.06,2.19,1.89,1.7,2.21,1.74,4
return,-2.34,1.05,0,290,R,1,1,1,1,1,679,387,290,435,56,39,243,191,10,10,0,0,0.015,0,6,6,0,0,0.016,0,10,10,0,0.036,0,0,0.17,2.5,1.25,3.35,0.972,1.8,6
spending,-1.27,1.49,0,794,R,1,1,1,1,1,1394,598,794,643,70,99,293,348,21,19,2,0.105,0.015,0,13,12,1,0.083,0.022,0,21,19,2,0.027,0.105,0,1.38,7.15,0.94,3.55,1.304,5.23,8
voted,-0.43,0.66,0,404,R,1,1,1,1,1,1055,648,404,407,110,75,235,171,23,20,3,0.15,0.022,0,23,20,3,0.15,0.037,0,19,17,2,0.049,0.118,0,0.6,1.89,0.43,2.66,0.588,2.34,5
larger,-5.59,2.59,0,72,R,1,1,1,1,1,207,135,72,155,18,11,102,53,5,5,0,0,0.025,0,4,4,0,0,0.031,0,5,5,0,0.075,0,0,0.05,1.7,2.01,2.63,2.768,2.24,6
iran,-2.62,1.35,0,151,R,1,0,1,1,1,346,191,151,159,28,28,77,81,14,12,2,0.167,0.042,0,14,12,2,0.167,0.079,0,10,8,2,0.071,0.25,0,0.26,1.85,0.39,1.22,1.267,2.39,4
past,-2.84,1.75,0,365,R,1,0,1,1,1,1077,711,365,606,78,49,378,227,13,10,3,0.3,0.012,0,13,10,3,0.3,0.019,0,10,10,0,0.028,0,0,0.2,2.26,0.12,0.43,1.66,3.45,4
civilrights,-0.35,-2.93,0,72,R,1,1,1,1,1,564,490,72,294,85,7,250,42,11,9,2,0.222,0.02,0,11,9,2,0.222,0.023,0,8,5,3,0.125,0.6,0,-0.55,-4.84,-1.01,-4.29,-2.401,-2.14,11
terrorism,-2.99,1.92,0,209,R,1,1,1,1,1,381,171,209,218,38,33,101,116,12,8,4,0.5,0.033,0,7,5,2,0.4,0.043,0,12,8,4,0.061,0.5,0,0.37,3.36,0.82,2.05,1.768,3.75,9
communities,1.06,-1.13,0,729,R,1,1,1,1,1,3872,3136,729,940,169,75,627,308,47,38,9,0.237,0.012,0,47,38,9,0.237,0.015,0,21,19,2,0.03,0.105,0,-0.9,-3.28,-0.21,-1.86,-1.02,-3.78,11
borrowing,-5.09,2.16,0,30,R,1,0,1,1,1,54,24,30,40,7,8,23,17,7,5,2,0.4,0.149,0,2,1,1,1,0.091,0,7,5,2,0.304,0.4,0,0.08,2.45,0.67,0.55,3.181,2.33,9
alternatives,-5.29,2.58,0,57,R,1,0,1,1,1,157,97,57,119,15,8,75,41,7,4,3,0.75,0.047,0,4,4,0,0,0.043,0,7,3,4,0.14,1.333,0,0.1,1.97,0.86,1.18,3.002,2.72,12
residents,-0.17,-1.4,0,280,R,1,1,1,1,1,989,704,280,462,98,30,314,147,18,13,5,0.385,0.019,0,18,13,5,0.385,0.026,0,11,11,0,0.041,0,0,-0.44,-3.14,-0.94,-4.46,-1.451,-2.62,9
immigrant,-0.69,-3.54,0,124,R,1,1,1,1,1,491,364,124,283,43,4,202,80,11,10,1,0.1,0.023,0,10,9,1,0.111,0.028,0,11,7,4,0.097,0.571,0,-0.33,-3.06,-2.56,-8.01,-3.141,-1.99,9
grown,-4.05,1.93,0,92,R,1,1,1,1,1,251,158,92,199,30,19,128,70,4,4,0,0,0.016,0,4,4,0,0,0.026,0,4,3,1,0.045,0.333,0,0.09,1.69,1.04,1.99,2.079,2.54,5
transportation,0.19,-0.75,0,277,R,1,1,1,1,1,1219,939,277,470,107,45,324,144,21,16,5,0.312,0.018,0,21,16,5,0.312,0.023,0,14,13,1,0.053,0.077,0,-0.42,-1.65,-0.43,-2.65,-0.777,-2.19,14
visa,-3.42,1.29,0,122,R,1,0,1,1,1,231,109,122,145,17,11,70,75,6,6,0,0,0.027,0,6,5,1,0.2,0.058,0,6,5,1,0.052,0.2,0,0.14,2.62,0.12,0.18,2.12,2.34,4
treasury,-3.08,0.86,0,65,R,1,0,1,1,1,115,50,65,63,16,13,35,28,21,8,13,1.625,0.223,0,6,4,2,0.5,0.136,0,21,8,13,0.477,1.625,0,0.12,2.51,0.01,0.01,1.87,1.93,8
carry,-4.1,2.3,0,175,R,1,0,1,1,1,302,125,175,227,16,28,98,127,8,4,4,1,0.027,0,3,3,0,0,0.025,0,8,4,4,0.048,1,0,0.21,4.3,0.94,1.27,1.963,3.01,5
signed,-2.89,1.16,0,102,R,1,0,1,1,1,233,131,102,180,43,25,103,77,6,5,1,0.2,0.026,0,6,4,2,0.5,0.048,0,5,4,1,0.052,0.25,0,0.11,1.65,0.26,0.65,1.342,1.95,6
pledge,-6.33,3.58,0,167,R,1,1,1,1,1,356,188,167,216,12,17,110,105,21,17,4,0.235,0.063,0,17,8,9,1.125,0.099,0,21,8,13,0.144,1.625,0,0.09,2.26,2.81,3.17,3.392,3.5,6
taxpayers,-2.12,1.31,0,294,R,1,1,1,1,1,522,220,294,345,51,57,152,188,6,6,0,0,0.012,0,5,4,1,0.25,0.023,0,6,6,0,0.021,0,0,0.41,5.19,0.66,1.75,1.024,2.45,9
unnecessary,-3.4,1.64,0,136,R,1,0,1,1,1,314,178,136,248,36,30,141,107,8,7,1,0.143,0.026,0,8,4,4,1,0.047,0,7,5,2,0.054,0.4,0,0.16,3.04,0.12,0.25,1.465,2.19,11
enforce,-3.68,1.73,0,156,R,1,0,1,1,1,337,179,156,256,21,27,126,129,6,5,1,0.2,0.018,0,6,5,1,0.2,0.035,0,4,4,0,0.026,0,0,0.13,3.17,0.12,0.18,1.311,1.82,7
legally,-4.6,1.99,0,177,R,1,0,1,1,1,290,113,177,222,16,11,94,128,12,5,7,1.4,0.043,0,3,3,0,0,0.027,0,12,5,7,0.073,1.4,0,0.07,1.82,1.08,1.45,1.995,1.93,7
nra,-3.02,1.5,0,145,R,1,0,1,1,1,297,152,145,205,26,37,96,109,6,6,0,0,0.021,0,6,6,0,0,0.041,0,5,4,1,0.036,0.25,0,0.16,2.58,-0.01,-0.02,1.027,1.76,3
accessible,-0.73,-1.8,0,75,R,1,1,1,1,1,478,401,75,294,65,14,232,60,10,9,1,0.111,0.021,0,10,9,1,0.111,0.026,0,3,3,0,0.042,0,0,-0.15,-2.11,-0.52,-1.71,-1.478,-1.69,10
repealing,-4.69,2.6,0,69,R,1,0,1,1,1,175,106,69,137,24,29,78,59,5,4,1,0.25,0.029,0,5,4,1,0.25,0.05,0,4,3,1,0.062,0.333,0,0.1,2.47,0.31,0.52,2.135,2.92,9
faith,-3.96,2.14,0,363,R,1,1,1,1,1,573,208,363,317,26,29,141,175,43,14,29,2.071,0.081,1,8,7,1,0.143,0.04,0,43,14,29,0.134,2.071,1,0.14,2.45,1.05,1.91,1.552,2.37,5
merit,-4.9,2.13,0,83,R,1,0,1,1,1,114,29,83,95,4,14,25,68,3,3,0,0,0.027,0,2,2,0,0,0.074,0,3,3,0,0.038,0,0,0.11,4.93,1.93,1.26,2.337,2.06,5
conservative,-1.61,1.72,0,898,R,1,0,1,1,1,992,94,898,448,10,94,73,375,13,12,1,0.083,0.013,0,6,3,3,1,0.068,0,13,12,1,0.015,0.083,0,1.32,10.31,0.52,0.58,1.078,4.25,12
football,-5.92,2.87,0,68,R,1,0,1,1,1,106,38,68,83,4,10,30,53,5,5,0,0,0.05,0,5,2,3,1.5,0.152,0,5,4,1,0.079,0.25,0,0.05,2.07,1.55,1,2.154,1.89,8
burdens,-3.27,1.33,0,69,R,1,1,1,1,1,175,105,69,138,19,22,84,53,5,5,0,0,0.029,0,5,3,2,0.667,0.05,0,5,5,0,0.078,0,0,0.15,3.08,1.9,2.68,1.453,1.92,7
excess,-6.16,3,0,36,R,1,0,1,1,1,67,29,36,52,2,7,24,26,5,5,0,0,0.081,0,4,2,2,1,0.16,0,5,5,0,0.161,0,0,0.08,2.46,3.11,1.2,3.821,2.69,6
founders,-7.12,3.85,0,90,R,1,0,1,1,1,128,37,90,96,5,10,25,70,11,5,6,1.2,0.094,0,11,3,8,2.667,0.423,0,5,4,1,0.059,0.25,0,0.05,1.95,0.32,0.2,3.402,2.86,8
terrorists,-3.26,1.59,0,107,R,1,1,1,1,1,181,74,107,129,22,30,58,71,5,4,1,0.25,0.028,0,4,3,1,0.333,0.057,0,5,4,1,0.049,0.25,0,0.18,3.34,2.14,3.53,1.317,2.07,10
aggression,-5.73,2.37,0,42,R,1,0,1,1,1,70,28,42,55,9,7,24,31,5,3,2,0.667,0.077,0,3,2,1,0.5,0.12,0,5,3,2,0.135,0.667,0,0.05,1.88,0.45,0.47,2.786,1.8,10
wetlands,-5.35,1.92,0,27,R,1,0,1,1,1,62,35,27,41,6,4,31,10,15,4,11,2.75,0.319,0,3,2,1,0.5,0.094,0,15,4,11,1.25,2.75,0,0.06,1.89,1.95,1.56,3.823,1.89,8
deter,-4,1.2,0,35,R,1,0,1,1,1,71,36,35,59,10,8,31,28,5,2,3,1.5,0.076,0,2,2,0,0,0.059,0,5,2,3,0.167,1.5,0,0.08,2.19,0.21,0.21,2.361,1.76,5
enemies,-3.64,1.67,0,120,R,1,0,1,1,1,176,56,120,132,10,26,38,94,10,5,5,1,0.06,0,10,3,7,2.333,0.217,0,5,4,1,0.043,0.25,0,0.16,4.32,1.1,1.17,1.342,1.82,7
god,-5.8,3.37,0,451,R,1,0,1,1,1,532,72,451,224,6,21,49,171,44,29,15,0.517,0.09,0,7,3,4,1.333,0.108,0,44,29,15,0.108,0.517,0,0.12,3.41,0,0,2.724,3.41,3
constitutionally,-7.14,3.64,0,36,R,1,0,1,1,1,57,20,36,43,3,7,14,28,4,4,0,0,0.075,0,4,2,2,1,0.25,0,4,2,2,0.125,1,0,0.04,1.87,0.75,0.41,2.832,2.15,16
terrorist,-3.46,1.67,0,97,R,1,1,1,1,1,201,102,97,139,35,26,64,73,11,5,6,1.2,0.058,0,11,5,6,1.2,0.121,0,4,3,1,0.043,0.333,0,0.14,1.65,1.04,2.58,1.29,1.93,9
unsustainable,-4.35,1.97,0,59,R,1,0,1,1,1,99,40,59,89,4,18,38,51,3,2,1,0.5,0.031,0,2,2,0,0,0.053,0,3,2,1,0.054,0.5,0,0.12,4.34,1.23,0.77,1.908,2.08,13
creator,-5.06,2.33,0,91,R,1,0,1,1,1,113,22,91,74,3,12,19,55,14,5,9,1.8,0.141,0,3,2,1,0.5,0.158,0,14,5,9,0.182,1.8,0,0.09,3.18,-0.01,-0.01,1.84,1.79,7
prolife,-1.99,1.48,0,451,R,1,0,1,1,1,461,10,451,271,0,63,7,264,10,8,2,0.25,0.022,0,3,2,1,0.5,0.429,0,10,8,2,0.023,0.25,0,0.74,8.51,0,0,0.972,2.77,7
freedoms,-3.17,1.68,0,285,R,1,1,1,1,1,402,114,285,257,19,38,78,178,7,6,1,0.167,0.018,0,6,5,1,0.2,0.056,0,7,6,1,0.025,0.167,0,0.27,5.17,1.32,1.93,1.291,2.24,8
overreach,-3.84,1.67,0,73,R,1,0,1,1,1,84,11,73,68,2,19,10,58,3,3,0,0,0.037,0,2,1,1,1,0.222,0,3,3,0,0.043,0,0,0.15,4.94,1.67,0.69,1.434,1.76,9
simplify,-5.78,2.75,0,39,R,1,0,1,1,1,71,32,39,62,9,11,29,33,3,2,1,0.5,0.044,0,2,2,0,0,0.067,0,3,2,1,0.083,0.5,0,0.06,2.25,1.18,1.09,2.555,2.14,8
churches,-8.66,4.73,0,85,R,1,0,1,1,1,116,31,85,76,3,7,29,47,8,6,2,0.333,0.074,0,2,2,0,0,0.069,0,8,6,2,0.104,0.333,0,0.05,2.37,0.48,0.26,4.019,2.77,8
conception,-4.96,2.83,0,136,R,1,0,1,1,1,140,4,136,116,0,26,4,112,4,3,1,0.333,0.029,0,1,1,0,0,0.333,0,4,3,1,0.03,0.333,0,0.18,5.64,0,0,2.276,3.12,10
ministry,-10.48,5.58,0,41,R,1,0,1,1,1,51,10,41,35,0,4,7,28,6,4,2,0.5,0.133,0,4,1,3,3,0.667,0,6,4,2,0.171,0.5,0,0.03,2.47,0,0,5.912,2.47,8
timber,-6.9,3.67,0,37,R,1,0,1,1,1,51,14,37,29,2,5,11,18,7,6,1,0.167,0.159,0,2,2,0,0,0.167,0,7,6,1,0.233,0.167,0,0.08,1.81,2.29,1.2,4.652,3.3,6
